gene_id,sample1,sample2
TGACGTGCAAATCGGTCGTCCGACC,2,2
CATCTGTGGGCTGAGTCTTCATTTG,2,2
AACTAACCAGGATTCCCTCAGTAAC,2,2
GGAGTAAGGTACTGCATATCCTGTG,3,1
CTGCTGCTGGTGAAGAGGTGTGCAA,5,2
CAGGAATCCATCAGCACCTCTGTGG,2,6
CCAGCCTATTGCTCAACCCCCTGTG,3,3
TCTTTTAACCATGTGGAAGATGGAT,2,2
CATTCCAGCTGCCCAGTCCACTCCC,2,3
GGTCCAAAGATGAACTTCAAATGAA,2,2
CTCTCTTGCTCTCCTGCCTGGGTCC,3,2
CTTAACCCCACCGTCCAATTCCCTG,4,2
AGCATATTAGTCAGCGGAGGAAAAG,2,1
GAACAATGTAGGTAAGGGAAGTCGG,1,2
ACTGAGGAAGAGACAGCTGGGTCTG,4,2
CGAGATTCTACTAAGATTCCTAAAA,3,2
CTATTAACATTCCCTAAGATGCTTC,4,4
TCCCGTCCCACAAAACATCCAGCCT,2,4
ATTAGTCAGCGGAGGAAAAGAAACT,2,1
GCGGGTCATCTCAGCTGGAAGAGAC,2,2
GACTTCAATTAAACAATGCAGTTAA,2,4
GATGCCCCTCCTTAACTCTGAAACT,6,2
CCCCTGTGGTGCCATCTCTTGGGCC,4,2
GAGGATTTCCAGGTTATTTTCTCCT,4,2
GCCTATTTATTCAACCAATGGCATT,1,2
TTCCCTAAGATGCTTCTTGAAAAGA,4,4
TCAAACCATCTCTTGCAATCCCGTC,2,4
AGGACTTGACAGCCATGAAGGTCTT,4,2
CAGTCTCAGAGGATACAGTAAATGT,2,2
AATCATCTGCCAGCATCTACCCAGG,4,2
GGAAGGATGGTGGCTTTAGCTTTAA,1,2
GAAATGTGGCGTACGGAAGACCCAC,2,1
TGAGGAATCATCTGCCAGCATCTAC,4,3
TCTGTGGAGGAAATCCTGAAGAAGA,2,7
CTAGAACTTCTTAACCCCACCGTCC,2,2
GGATAAGTCCTCCAGTGAGGAATCA,4,3
AATGTAGGTAAGGGAAGTCGGCAAG,1,2
AACAGCTGTTCTCATCATGATCTTT,1,2
TCTCAGAAGTAGTACTGAAAAGACT,2,3
GTCAGATTTTCCTCTGAGGTGGTTG,2,2
CCTTTATTTCGTGCTTTGCCAGAGC,2,2
TGCTGGTGAAGAGGTGTGCAACATT,5,2
GACATGCTCAACCAGTGCACCCTGG,2,2
ACCTCTGTGGAGGAAATCCTGAAGA,2,8
TGTACATTTCCAGTTTCAGTCAGTT,2,4
TTTCCAGGTTATTTTCTCCTCCTTA,3,2
ATGGCACCACAGGGGGTTGAGCAAT,3,2
CACGAAGAAACCAATTTTCTACTCA,2,3
TGTAGGTAAGGGAAGTCGGCAAGCC,1,1
CACCCTTCCTTCCACAAGATATGTC,3,6
GCTGCTGCTGGTGAAGAGGTGTGCA,5,2
TTAAGTACAACCAACTTCTCCAGAA,1,1
TGAGTATATACCTGTAATAATAATG,1,1
CAGCATCTACCCAGGAAAGTCTAAG,3,2
TATGGATGGCATTAGGCTGGGGCCA,3,2
CCTGAACAACCTGTGCCAGGAGCTG,2,2
TGCAAATGAAGACATGCTCAACCAG,2,2
TATAGGATCATTTATTTCACTAACA,2,2
AGATATGTCTGTCCAAGACCTTCTG,3,4
CTAAAGCCACCATCCTTCCCAAGCA,5,2
AGTAAGGTACTGCATATCCTGTGGA,3,1
AATACTATCAGTCTCAGAGGATACA,2,2
GGGGAGCAAGGAACAAGTAACCATG,2,2
GATGTTTTGTGGGACGGGATTGCAA,4,3
ATTGATATGTTCAACAGATTCCTCA,1,3
GATTCTACTAAGATTCCTAAAATAA,2,2
GCAGGGAAGGTTGCTGAAACAGGGA,3,1
ATTCCGTTTCTGTCTAAGAGGATTT,4,2
AGGTGTTAAGGACAGCTTTGGGAGT,4,2
GCATATTAGTCAGCGGAGGAAAAGA,2,1
CCCAGCTGTCTCTTCCTCAGTCCAA,3,3
GCCAGAGAATCAAGAGGCCCAGGAT,2,2
GCAATCCCGTCCCACAAAACATCCA,2,4
TCAGTAACGGCGAGTGAACAGGGAA,2,2
AAGTTCTTCATCTTTGCCTGCCTGG,4,4
CTGCTCTGCTGCTGCTGGTGAAGAG,5,3
CATCCTCGCCTGCCTTGTGGCCCTT,6,2
AAGTTCTGTACTTTCTGCAGCAAGT,3,6
ACTCTCTCTTCTTCTGGCTCAATAT,5,2
TCCACAGTCCAAAGTTGGAACACAC,3,3
ACATTCCCTAAGATGCTTCTTGAAA,4,4
AATGCCATATAATACATAGAATAAA,6,5
GCTATAGGCTTGAGTAGAAAATTGG,2,3
GCAAGTAGCACCCTTCCTTCCACAA,2,6
GATCTTTATAATTTGAGAGGCCTTT,1,2
TCTCCAAGGTGAACAGCCTCTGGCA,1,2
GTCTTGGACAGACATATCTTGTGGA,2,3
GGAGGTGATGGGGAAACCACGAAGA,2,4
GCATATGGAAAGGCCTGGGGCTGTG,3,3
TTGTCTTTTCAAGAAGCATCTTAGG,4,3
CGCCGAATCCCCGCCGCGCGTCGCG,3,2
GAGCAAGGAACAAGTAACCATGAAG,2,2
GAAAAGGAAGACTCCTGGGAAAATT,3,2
TGTACAATCTGAAGAACAAAAGGTC,2,2
GAAACGGAATGTTGTGGAGTGGCAG,2,2
GCACCTCTGTGGAGGAAATCCTGAA,2,8
TAGCCTATTTATTCAACCAATGGCA,1,2
TAATGGTAAAGTTTGATCAAGAAAA,1,1
GTGGCCCCAGCCTAATGCCATCCAT,2,2
GGTCTCCAAGGTGAACAGCCTCTGG,1,2
ACACTGTCTCTTCTATAGGATCATT,2,2
ACCAGGATTCCCTCAGTAACGGCGA,2,2
ATACATAGAATAAATAAAAGAATAC,6,5
CTTTTGGTGTGTGGATTAGCATTAT,2,2
TCCTCACTGGAGGACTTATCCTTTA,3,2
GAAGGGTGCTACTTGCTGCAGAAAG,2,3
GGCTGGGGCCACTGGTTCACACTGC,3,3
GACTGGGCAGCTGGAATGGCATCTG,2,3
GGTTGCTGAAACAGGGAAGCTTGCT,8,2
GAAGGTCTTCATCCTCGCCTGCCTT,5,2
AACAGGGAAGAGCCCAGCGCCGAAT,4,2
TAAAGCCACCATCCTTCCCAAGCAC,5,2
ATTCTACTAAGATTCCTAAAATAAC,2,3
GCTCAATATTGTTGTCTTTTCAAGA,4,3
AGAAGTAGTACTGAAAAGACTTCAA,2,4
CTTCTTGAAAAGACAACAATATTGA,2,3
ACCAGGTGAGTCTGAGGAAAAGCCT,3,3
GAAGTTCTTCATCTTTGCCTGCCTG,4,4
TGTCTGTCCAAGACCTTCTGCAGTA,2,4
TCAACCAGTGCACCCTGGAACAGCT,2,2
GATTTCCAGGTTATTTTCTCCTCCT,3,2
TAAAGGACTTGACAGCCATGAAGGT,3,2
CAGTTTCAGAGTTAAGGAGGGGCAT,2,2
ATGGAAAGGCCTGGGGCTGTGACTG,3,2
CCTGGGGCTGTGACTGGATGCTGGA,3,2
GCCTGAACAACCTGTGCCAGGAGCT,2,2
GGGTGCTACTTGCTGCAGAAAGTAC,2,3
GAAAGGCATCATACTGGAAGATTTG,2,2
GCCACTGGTTCACACTGCTCTGCTG,5,3
GATGGTTTGAGCCTGAGCATATGGA,4,3
GGACTGGGCAGCTGGAATGGCATCT,2,3
TCCTCTGAGGTGGTTGCAGCTGAGG,2,2
TTATTGATATGATCAAGTACATCCA,1,9
GAGTTTATGAGGCGGAGCACAGTTT,2,3
CATTCCGTTTCTGTCTAAGAGGATT,4,2
AACCACGAAGAAACCAATTTTCTAC,2,2
CCTGTGGTGCCATCTCTTGGGCCTG,3,2
CGAAAAGAGAAGGCAGCCCGGGTTA,2,2
AGAAGATTATTGATATGATCAAGTA,1,10
AAAATTGGTTTCTTCGTGGTTTCCC,4,5
AATCCTGAAGAAGATTATTGATATG,2,9
TCAGTCAGTTCAAAAAACATAAGGA,2,5
AAGAAACCAGGTGAGTCTGAGGAAA,3,3
AGGAGGGGCATCTGTTTGTGCTTGG,1,2
TTGCAAATGAAGACATGCTCAACCA,2,2
GCCATTCCAGCTGCCCAGTCCACTC,2,3
AACGGCGAGTGAACAGGGAAGAGCC,2,3
AATGTTAATTCCTATAAGAATAATG,1,1
TAATATCTCACCACACATTGGTTTT,1,4
AGCCTATTTATTCAACCAATGGCAT,1,2
GTGAACAGCCTCTGGCATGTTGGAA,1,2
TGTAGCTGGTGGGAGTGGACTGGGC,2,3
GTACTGAAAAGACTTCAATTAAACA,2,4
AGGGAAGGTTGCTGAAACAGGGAAG,5,1
GCTGGCAGATGATTCCTCACTGGAG,3,2
CCTGGAACAGCTTCAGAGACAGTTT,1,1
TGCTCAACCAGTGCACCCTGGAACA,2,2
TCCTGGGTAGATGCTGGCAGATGAT,3,2
CAAGCCAGAGAATCAAGAGGCCCAG,2,2
TATAACTGAGAAGCATATAGAGTCC,3,4
AAAAGGAAGACTCCTGGGAAAATTG,3,2
GATTTGTACATTTCCAGTTTCAGTC,2,4
CCAAGACCTTCTGCAGTACCTAGAA,3,2
GAAGCATATAGAGTCCATGGGTCGA,3,5
TCCAGTGAGGAATCATCTGCCAGCA,3,2
CACAGATGCCATTCCAGCTGCCCAG,2,3
AAGAAACCAATTTTCTACTCAAGCC,2,3
TAAACAATGCAGTTAATACGGCTCC,2,3
ACGCTATTGTCCAGCTTAGACTTTC,2,3
CCACTAAAGGACTTGACAGCCATGA,3,2
AATACGGCTCCACAGTCCAAAGTTG,4,3
CTCCTGTCTTTTAACCATGTGGAAG,2,2
TATATCATTTTTGTAGCATGATCCA,3,1
TAGAGTCCATGGGTCGAATTCAAAT,3,5
GCCCCAGCCTAATGCCATCCATAAC,2,2
TATGTCTGTCCAAGACCTTCTGCAG,2,4
AGAGGATACAGTAAATGTAGTCTCT,2,2
AACAATTAGCCTATTTATTCAACCA,1,2
TTTCTTCGTGGTTTCCCCATCACCT,3,5
AAGGCCTGGGGCTGTGACTGGATGC,3,2
CCTATAAGAATAATGGTAAAGTTTG,1,1
TGCTCTTGCAAGAGAGACTACATTT,5,2
AAGGTTGCTGAAACAGGGAAGCTTG,9,2
ATATAGAGTCCATGGGTCGAATTCA,3,5
TCCATCAGCACCTCTGTGGAGGAAA,2,7
TCTCTTCTTCTGGCTCAATATTGTT,4,3
CTTCAGATTGTACAATTTTTTCACT,2,2
ATCTACCCAGGAAAGTCTAAGCTGG,3,2
GACTTTCCTGGGTAGATGCTGGCAG,3,3
AACCAAAGTATCTCAACCTAAATCA,2,2
TAACACGCCCACCCAGGAATCCATC,2,3
CATCACCTCCTACTATTAACATTCC,3,4
CCAGTTTCAGTCAGTTCAAAAAACA,2,5
GTTCTAGGTACTGCAGAAGGTCTTG,3,2
GGAAGCTTGCTGAGCCATGGAAGGT,4,2
AAAAGAGAAGGCAGCCCGGGTTAAG,2,2
TTGTGCTTGGGAAGGATGGTGGCTT,1,2
ATGCCATATAATACATAGAATAAAT,6,5
GGAAGAGACAGCTGGGTCTGAGAAG,4,1
ACAAACAGATGCCCCTCCTTAACTC,6,2
TGTGGAGGAAATCCTGAAGAAGATT,2,7
GTTGCTCTGGCAAAGCACGAAATAA,5,5
GATAAGTCCTCCAGTGAGGAATCAT,4,3
GTACATTTCCAGTTTCAGTCAGTTC,2,4
GGGGAAAGGCATCATACTGGAAGAT,2,2
CAGCGGAGGAAAAGAAACTAACCAG,2,1
TGAGCCATGGAAGGTTGCTGAAACA,4,1
CTTCCTTCCACAAGATATGTCTGTC,3,6
GGGAAAAGGAAGACTCCTGGGAAAA,2,2
AATAATGTTAATTCCTATAAGAATA,1,1
ATGCCATTCCAGCTGCCCAGTCCAC,2,3
GAAGGTGTAATCCTTACTGGGGTAC,2,2
ATACTATCAGTCTCAGAGGATACAG,2,2
GAAGGTCTTGGACAGACATATCTTG,3,3
AGCTGAGGTGGTGGGTCTTGTGGTC,3,2
TTGAAGGTGTTAAGGACAGCTTTGG,4,2
TAAGGAGGGGCATCTGTTTGTGCTT,1,2
CCATCCATAACACGCCCACCCAGGA,3,3
CATTGCAAATGAAGACATGCTCAAC,2,2
AGCCTCTGGCATGTTGGAACAATGT,1,2
TTCAAATGAATGCCATATAATACAT,6,5
TTCTACTAAGATTCCTAAAATAACT,2,3
TGAGCATATGGAAAGGCCTGGGGCT,3,3
ATTCAAGCAATTTTCCCAGGAGTCT,2,5
TATCTTGTGGAAGGAAGGGTGCTAC,2,3
CTTGACAGCCATGAAGGTCTTCATC,4,2
TCCTTTTCCCAATGTTGCACACCTC,3,3
GGAACAATGTAGGTAAGGGAAGTCG,1,2
GGGAATGTTAATAGTAGGAGGTGAT,2,4
CTGCCTTGTGGCCCTTGCTCTTGCA,6,2
GTAAGGGAAGTCGGCAAGCCGGATC,1,1
ATTCAGAAATATATCATTTTTGTAG,3,2
GCGTGGGAAATGTGGCGTACGGAAG,1,1
CGCGGCGTGGGAAATGTGGCGTACG,1,1
CAACATTCCGTTTCTGTCTAAGAGG,4,2
GACCCAGCTGTCTCTTCCTCAGTCC,3,3
ATAACTGAGAAGCATATAGAGTCCA,3,5
CAGGATTCCCTCAGTAACGGCGAGT,2,2
CAGGGAAGCTTGCTGAGCCATGGAA,3,2
ATTCCTAAAATAACTGCTGCTACCT,2,3
GGAGCAAGGAACAAGTAACCATGAA,2,2
GAGCATATGGAAAGGCCTGGGGCTG,3,3
CTTATCTCAGAAGTAGTACTGAAAA,2,3
TTTCAGTATCCTTGGAGACAATGGG,2,3
ATTGTCCAGCTTAGACTTTCCTGGG,2,4
CTAGGTACTGCAGAAGGTCTTGGAC,3,2
AAAACATCCAGCCTATTGCTCAACC,3,3
TGGTTTTTTCAGTATCCTTGGAGAC,2,3
CGGCGAGTGAACAGGGAAGAGCCCA,3,3
TGGGGTTAAGAAGTTCTAGGTACTG,4,2
GATGGCACCACAGGGGGTTGAGCAA,3,2
TGCTGAGCCATGGAAGGTTGCTGAA,4,2
TCTAAGAGGATTTCCAGGTTATTTT,3,2
TCTTGCAAGAGAGACTACATTTACT,5,2
AAGCAATTTTCCCAGGAGTCTTCCT,2,5
TACTGAAAAGACTTCAATTAAACAA,2,4
AATGTTGCACACCTCTTCACCAGCA,2,3
AGAATCAAGAGGCCCAGGATGGGCT,2,2
TCCTTCCCAAGCACAAACAGATGCC,5,2
GGCCCCAGCCTAATGCCATCCATAA,2,2
CGCAGCAGGTCTCCAAGGTGAACAG,1,2
GGGATTGCAAGAGATGGTTTGAGCC,4,3
CTGAGCATATGGAAAGGCCTGGGGC,3,3
TCATTTTTGTAGCATGATCCAAAGG,3,1
TGGACAGACATATCTTGTGGAAGGA,1,3
TCTCTTGCTCTCCTGCCTGGGTCCA,3,2
ACCTGGTTTCTTCTCAGACCCAGCT,5,2
GGTTTCTTCGTGGTTTCCCCATCAC,3,5
ATGCTCAGGCTCAAACCATCTCTTG,2,3
TCCGTAGCGGTCCTGACGTGCAAAT,2,2
GGCTCCACAGTCCAAAGTTGGAACA,3,3
AATTATGTATATTGAGTATATACCT,1,2
GGGGAAACCACGAAGAAACCAATTT,2,2
AGTTAAGGAGGGGCATCTGTTTGTG,1,2
CTTGCAAGAGAGACTACATTTACTG,5,2
TAAGCATATTAGTCAGCGGAGGAAA,2,1
AACCAGGTGAGTCTGAGGAAAAGCC,3,3
CTGAAGAAGATTATTGATATGATCA,1,9
TGTACTTTCTGCAGCAAGTAGCACC,3,6
GAATGGCATCTGTGGGCTGAGTCTT,2,2
CTGGTGGGAGTGGACTGGGCAGCTG,2,3
CATCTACCCAGGAAAGTCTAAGCTG,3,2
TGCCCCTCCTTAACTCTGAAACTGT,6,2
CAATTAGCCTATTTATTCAACCAAT,1,2
AGAAGGTCTTGGACAGACATATCTT,3,3
GCTTCAGAGACAGTTTAAGTACAAC,1,1
GGCATTAGGCTGGGGCCACTGGTTC,3,3
CTTCTTAACCCCACCGTCCAATTCC,4,2
TCTTGCTCTCCTGCCTGGGTCCAAA,3,2
ATCTCACCACACATTGGTTTTTTCA,1,4
TCCAAAGGTGAAAAGATTTGTACAT,3,3
ATATTGTTGTCTTTTCAAGAAGCAT,4,3
TTGGACAGACATATCTTGTGGAAGG,1,3
CATTTTTGTAGCATGATCCAAAGGT,3,1
GTCCAAGACCTTCTGCAGTACCTAG,3,3
AGCATCTACCCAGGAAAGTCTAAGC,3,2
CCTCTGGCATGTTGGAACAATGTAG,1,2
GGGAAATGTGGCGTACGGAAGACCC,2,1
TCAGCTGGAAGAGACCACAAGACCC,2,2
AGAAGCATATAGAGTCCATGGGTCG,3,5
GGAATCCATCAGCACCTCTGTGGAG,2,6
TCCAGGTTATTTTCTCCTCCTTATG,3,2
TAGATGCTGGCAGATGATTCCTCAC,3,2
GGTAGATGCTGGCAGATGATTCCTC,3,2
CCCCATCACCTCCTACTATTAACAT,3,3
GGAATGTTAATAGTAGGAGGTGATG,2,4
GCGCCGAATCCCCGCCGCGCGTCGC,3,2
TAAGAAGTTCTAGGTACTGCAGAAG,4,2
GCCTCTGGCATGTTGGAACAATGTA,1,2
CAGCGCCGAATCCCCGCCGCGCGTC,3,2
TGCAGTACCTAGAACTTCTTAACCC,2,2
GAAGCATCTTAGGGAATGTTAATAG,3,3
TATCATTTTTGTAGCATGATCCAAA,3,1
GGTGGGAGTGGACTGGGCAGCTGGA,2,3
GGAAGGTTGCTGAAACAGGGAAGCT,9,2
CCTATTTATTCAACCAATGGCATTA,1,2
TCAAGAGGCCCAGGATGGGCTCAGG,2,2
TGATGGGGAAACCACGAAGAAACCA,3,3
GGACAGCTTTGGGAGTAAGGTACTG,4,2
TGGCCCCAGCCTAATGCCATCCATA,2,2
TGGTTTCCCCATCACCTCCTACTAT,3,5
TGGAAAGTAAGCCCAAAGGGGAAAG,2,2
GTGAACAGGGAAGAGCCCAGCGCCG,5,3
GTCCAAAGTTGGAACACACAACTCA,5,2
CTCAGCCCACAGATGCCATTCCAGC,2,3
GCCATGGAAGGTTGCTGAAACAGGG,4,1
TGCTCTGGCAAAGCACGAAATAAAG,5,5
ACAATGTAGGTAAGGGAAGTCGGCA,1,2
GGTTTCTTCTCAGACCCAGCTGTCT,5,3
AGTTTAAGTACAACCAACTTCTCCA,1,1
CATCCTTCCCAAGCACAAACAGATG,5,2
TGCCATTCCAGCTGCCCAGTCCACT,2,3
GGAGGTCCGTAGCGGTCCTGACGTG,2,3
TGCATATCCTGTGGAAAGTAAGCCC,2,1
GAAATCCTGAAGAAGATTATTGATA,2,8
TTTCAAGAAGCATCTTAGGGAATGT,3,3
CTCCACTAAAGGACTTGACAGCCAT,3,2
TGATATGTTCAACAGATTCCTCACT,1,3
TTGTCCTCCACTAAAGGACTTGACA,2,2
AATTCAGAAATATATCATTTTTGTA,3,2
GGTGAAAAGATTTGTACATTTCCAG,3,4
AAGAAACTAACCAGGATTCCCTCAG,2,2
CAAAACATCCAGCCTATTGCTCAAC,3,3
GAGGAAGAGACAGCTGGGTCTGAGA,4,1
CACAAGATATGTCTGTCCAAGACCT,3,4
ACGGCTCCACAGTCCAAAGTTGGAA,4,3
ATGTCTGTCCAAGACCTTCTGCAGT,2,4
AAATTGGTTTCTTCGTGGTTTCCCC,4,5
AAGAGGATTTCCAGGTTATTTTCTC,3,2
AGGTGGTTGCAGCTGAGGTGGTGGG,2,2
GCAGCTGGAATGGCATCTGTGGGCT,2,3
TTGTTGCTCTGGCAAAGCACGAAAT,4,5
TCTACCCAGGAAAGTCTAAGCTGGA,3,2
TAGACTTTCCTGGGTAGATGCTGGC,3,3
AAAGAAACTAACCAGGATTCCCTCA,2,2
GAAGCTTGCTGAGCCATGGAAGGTT,4,2
CGGTCCTGACGTGCAAATCGGTCGT,2,2
CATCTGCCAGCATCTACCCAGGAAA,4,2
GGATTTCCAGGTTATTTTCTCCTCC,3,2
GGCCCTTGCTCTTGCAAGAGAGACT,6,2
TAAAGGATAAGTCCTCCAGTGAGGA,4,3
TACCCAGGAAAGTCTAAGCTGGACA,3,2
TGTACTCCGCTCCTAAGTATTTTTC,1,1
GTTTTGTGGGACGGGATTGCAAGAG,4,3
TTCTAGGTACTGCAGAAGGTCTTGG,3,2
AATTGTACAATCTGAAGAACAAAAG,2,2
ACAATGCAGTTAATACGGCTCCACA,3,3
TTCCCAAGCACAAACAGATGCCCCT,5,2
CCATAACACGCCCACCCAGGAATCC,2,3
CCGCAGCAGGTCTCCAAGGTGAACA,1,2
GATTCCTAAAATAACTGCTGCTACC,2,3
TCAGCACCTCTGTGGAGGAAATCCT,2,8
CATGCCTGCAAACCTCCTGTCTTTT,2,2
TCTGGCATGTTGGAACAATGTAGGT,1,2
CTGGAGGACTTATCCTTTATTTCGT,3,2
AGTTCTTCATCTTTGCCTGCCTGGT,4,4
AGAGTCCATGGGTCGAATTCAAATG,4,5
TTAGCCTATTTATTCAACCAATGGC,1,2
GGGGCCACTGGTTCACACTGCTCTG,5,3
TGCTACCTAGCTATAGGCTTGAGTA,2,4
CTCAGTCCAAAGTTCTGTACTTTCT,3,5
AGACCTTCTGCAGTACCTAGAACTT,2,2
CCATGAAGGTCTTCATCCTCGCCTG,4,2
GGAAGAGCCCAGCGCCGAATCCCCG,4,2
ATGCCATCCATAACACGCCCACCCA,3,3
TCCTGTGGAAAGTAAGCCCAAAGGG,2,2
ATCCCGTCCCACAAAACATCCAGCC,2,4
CCTAATGCCATCCATAACACGCCCA,3,3
ATATTGAGTATATACCTGTAATAAT,1,2
AGCTTGCTGAGCCATGGAAGGTTGC,3,2
AGCCTGAACAACCTGTGCCAGGAGC,2,2
TCTTCCTCAGTCCAAAGTTCTGTAC,3,4
GTAGCACCCTTCCTTCCACAAGATA,2,6
AGGACTTATCCTTTATTTCGTGCTT,3,2
GCCATCCATAACACGCCCACCCAGG,3,3
TTTTCCCAATGTTGCACACCTCTTC,2,3
TTTGCCTGCTACTGCTAGCCCATAC,2,1
CTCAATATTGTTGTCTTTTCAAGAA,4,3
CTCACCTGGTTTCTTCTCAGACCCA,5,2
GGTGAGTCTGAGGAAAAGCCTGAAC,3,3
ATCTTGTGGAAGGAAGGGTGCTACT,2,3
CCAGTGAGGAATCATCTGCCAGCAT,3,3
TCAGAAATATATCATTTTTGTAGCA,3,1
TCTGTCTAAGAGGATTTCCAGGTTA,3,2
AGATTTTCCTCTGAGGTGGTTGCAG,2,2
AGCTGTTCTCATCATGATCTTTATA,1,2
GGTGTAATCCTTACTGGGGTACCAG,2,2
AAACTAACCAGGATTCCCTCAGTAA,2,2
GTGGTTTCCCCATCACCTCCTACTA,3,5
AGAGAAGGCAGCCCGGGTTAAGGCT,2,2
CAGTAACGGCGAGTGAACAGGGAAG,2,3
TACAACCAACTTCTCCAGAAAGCTT,1,1
ATTCAACCAATGGCATTAGCAGTCC,1,2
AACACGCTATTGTCCAGCTTAGACT,2,2
CTGGGTAGATGCTGGCAGATGATTC,4,2
GATCATTTATTTCACTAACAGCTGT,2,2
AACCAACTTCTCCAGAAAGCTTCCC,1,1
GAAATAAAGGATAAGTCCTCCAGTG,3,5
CAGAAATATATCATTTTTGTAGCAT,3,1
ATGAACTTCAAATGAAGACTCAGCC,2,2
ACTGAGAAGCATATAGAGTCCATGG,3,5
TGTGGTGCCATCTCTTGGGCCTGTC,3,2
ACTCTGAAACTGTGCTCCGCCTCAT,4,2
CTGGGGCCACTGGTTCACACTGCTC,4,3
GCCTGCCTTGTGGCCCTTGCTCTTG,6,3
AACATTGGGAAAAGGAAGACTCCTG,2,2
CTCTGCTGCTGCTGGTGAAGAGGTG,5,2
TGGCCCTTGCTCTTGCAAGAGAGAC,6,2
CTGCAGAAGGTCTTGGACAGACATA,3,3
TTCCTCACTGGAGGACTTATCCTTT,3,2
GATTTTCCTCTGAGGTGGTTGCAGC,2,2
AAAAGATTTGTACATTTCCAGTTTC,3,4
ACTGGTTCACACTGCTCTGCTGCTG,5,3
TAGAATAAATAAAAGAATACATTTT,6,5
TAACCATGTGGAAGATGGATCTTTA,2,2
GGTCTGAGAAGAAACCAGGTGAGTC,4,3
GTCAGCGGAGGAAAAGAAACTAACC,2,1
TAGGCTGGGGCCACTGGTTCACACT,3,3
AGACTCACCTGGTTTCTTCTCAGAC,5,2
TTTTTGTAGCATGATCCAAAGGTGA,3,1
AACAATGCAGTTAATACGGCTCCAC,3,3
GTCTTTTCAAGAAGCATCTTAGGGA,4,3
CATCCCCAGATACCTGTGAGCTACT,3,2
AGATGATTCCTCACTGGAGGACTTA,3,2
CACATTGGTTTTTTCAGTATCCTTG,2,3
ACAGCTTTGGGAGTAAGGTACTGCA,4,2
CCTGGTTTCTTCTCAGACCCAGCTG,5,2
GCAGAAGGTCTTGGACAGACATATC,3,3
TTAAGGAGGGGCATCTGTTTGTGCT,1,2
ATTCCAGCTGCCCAGTCCACTCCCA,2,3
CAAAGCACGAAATAAAGGATAAGTC,3,5
AGATGGTTTGAGCCTGAGCATATGG,4,3
GCTGCAGAAAGTACAGAACTTTGGA,2,3
TTTATTTCGTGCTTTGCCAGAGCAA,2,2
TTCCTATAAGAATAATGGTAAAGTT,1,1
TCCTTAACTCTGAAACTGTGCTCCG,5,2
TTCCAGGTTATTTTCTCCTCCTTAT,3,2
GCTGGGGCCACTGGTTCACACTGCT,3,3
GAGGCGGAGCACAGTTTCAGAGTTA,2,3
AGGTCCGTAGCGGTCCTGACGTGCA,2,2
TTGAGAGTTTATGAGGCGGAGCACA,2,3
GCCTGGTGGTTGTTGCTCTGGCAAA,4,4
TTAGGCTGGGGCCACTGGTTCACAC,3,3
ACACATTGGTTTTTTCAGTATCCTT,2,3
TGGAGGTCCGTAGCGGTCCTGACGT,2,3
TTCTTCGTGGTTTCCCCATCACCTC,3,5
ACCAAAGTATCTCAACCTAAATCAG,2,2
CAGAAGGTCTTGGACAGACATATCT,3,3
CTCCACAGTCCAAAGTTGGAACACA,3,3
CACTGGTGTAGCTGGTGGGAGTGGA,2,3
GCTACCTAGCTATAGGCTTGAGTAG,2,3
GTACGGAAGACCCACTCCCCGGCGC,2,1
AGACCCAGCTGTCTCTTCCTCAGTC,3,3
TGTCTAAGAGGATTTCCAGGTTATT,3,2
GTACAATTTTTTCACTGACTTCCTC,2,2
GACAGTTTAAGTACAACCAACTTCT,1,1
AGGTGTGCAACATTGGGAAAAGGAA,2,2
TCTTCTATAGGATCATTTATTTCAC,2,2
AGCTGGTGGGAGTGGACTGGGCAGC,2,3
CCTTTTGGTGTGTGGATTAGCATTA,2,1
AACAGCCTCTGGCATGTTGGAACAA,1,2
GCCTGGGGCTGTGACTGGATGCTGG,3,2
TTCATCCCCAGATACCTGTGAGCTA,3,2
TACCTGTAATAATAATGTTAATTCC,1,1
TAAATAAAAGAATACATTTTCTTTT,6,5
GTGGGGTTAAGAAGTTCTAGGTACT,4,2
GTTTCTTCTCAGACCCAGCTGTCTC,5,3
CACTGGTTCACACTGCTCTGCTGCT,5,3
AAGTCCTCCAGTGAGGAATCATCTG,3,3
TACGGAAGACCCACTCCCCGGCGCC,2,1
CTCCTTAACTCTGAAACTGTGCTCC,5,2
CAGTACCTAGAACTTCTTAACCCCA,2,2
TGCTGGCAGATGATTCCTCACTGGA,3,2
CCATCAGCACCTCTGTGGAGGAAAT,2,7
TGAGGTGGTTGCAGCTGAGGTGGTG,2,2
GTCCAAAGATGAACTTCAAATGAAG,2,2
CAAGACCTTCTGCAGTACCTAGAAC,3,2
TTTGGTGTGTGGATTAGCATTATTT,2,2
AAGATTATTGATATGATCAAGTACA,1,9
TGCAGAAAGTACAGAACTTTGGACT,2,2
GAATGTTAATAGTAGGAGGTGATGG,2,4
CTCGCCTGCCTTGTGGCCCTTGCTC,6,3
AGATTCTACTAAGATTCCTAAAATA,2,2
CTCTGAAACTGTGCTCCGCCTCATA,4,2
ACTATTAACATTCCCTAAGATGCTT,4,4
TTCTTAACCCCACCGTCCAATTCCC,4,2
GCTTGAGTAGAAAATTGGTTTCTTC,2,3
CAGCTGTCTCTTCCTCAGTCCAAAG,3,5
CTTCTGCAGTACCTAGAACTTCTTA,2,2
GGAACAAGTAACCATGAAGTTCTTC,3,2
TAGCGGTCCTGACGTGCAAATCGGT,2,2
TGAGCCTGAGCATATGGAAAGGCCT,3,3
CTGTAGCAGGGAAGCTTGCTGAGCC,3,2
CTGAGAAGAAACCAGGTGAGTCTGA,4,3
TGGTGCCATCTCTTGGGCCTGTCAT,2,2
CTGTTCTCATCATGATCTTTATAAT,1,2
TTAATTCCTATAAGAATAATGGTAA,1,1
CTGTCTTTTAACCATGTGGAAGATG,2,2
GTCCGTAGCGGTCCTGACGTGCAAA,2,2
AATAATAATGTTAATTCCTATAAGA,1,1
TAATACGGCTCCACAGTCCAAAGTT,3,3
CTGGCTCAATATTGTTGTCTTTTCA,2,3
AAAGAATACATTTTCTTTTCTTCCA,5,2
CAGGGAAGGTTGCTGAAACAGGGAA,5,1
CTCTGTGGAGGAAATCCTGAAGAAG,2,7
ATCCCCGCCGCGCGTCGCGGCGTGG,2,2
CTGAGAAGCATATAGAGTCCATGGG,3,5
AGAAGTTCTAGGTACTGCAGAAGGT,4,2
CACGAAATAAAGGATAAGTCCTCCA,3,5
CCAGGTGAGTCTGAGGAAAAGCCTG,3,3
GACTTATCCTTTATTTCGTGCTTTG,3,2
TCTCAGCTGGAAGAGACCACAAGAC,2,2
AAAGCCACCATCCTTCCCAAGCACA,5,2
GAGAAGAAACCAGGTGAGTCTGAGG,3,3
GTGTGCAACATTGGGAAAAGGAAGA,2,2
GGATGGGCTCAGGAGCGGGTCATCT,2,2
TCAGAGACAGTTTAAGTACAACCAA,1,1
AGGCCCAGGATGGGCTCAGGAGCGG,2,2
CAAAGATGAACTTCAAATGAAGACT,2,2
TATTAACATTCCCTAAGATGCTTCT,4,4
GTACAGAACTTTGGACTGAGGAAGA,4,2
GAAGAAGATTATTGATATGATCAAG,1,10
ACCCAGCTGTCTCTTCCTCAGTCCA,3,3
CCACAAAACATCCAGCCTATTGCTC,2,3
AAGTACAGAACTTTGGACTGAGGAA,4,2
GAGGTGTGCAACATTGGGAAAAGGA,2,2
GAGGCCCAGGATGGGCTCAGGAGCG,2,2
CTGGTGTAGCTGGTGGGAGTGGACT,2,3
TGTAGCAGGGAAGCTTGCTGAGCCA,3,2
CCAAAGGGGAAAGGCATCATACTGG,2,2
AGCAAGTAGCACCCTTCCTTCCACA,3,6
AGCCATGGAAGGTTGCTGAAACAGG,4,1
TCAGAGTTAAGGAGGGGCATCTGTT,1,2
CAGGTGAGTCTGAGGAAAAGCCTGA,3,3
AGATGCCCCTCCTTAACTCTGAAAC,6,2
ACCATCCTTCCCAAGCACAAACAGA,5,2
TTCACTAACAGCTGTTCTCATCATG,2,2
AGCCTGAGCATATGGAAAGGCCTGG,3,3
GTCTCTTCTATAGGATCATTTATTT,2,2
CTGAAGTTTCTCATTGATATGTTCA,1,2
TCTGCAGTACCTAGAACTTCTTAAC,3,3
AGGTTGCTGAAACAGGGAAGCTTGC,8,2
TGGGAAATGTGGCGTACGGAAGACC,1,1
TGGGAAGGTGTAATCCTTACTGGGG,2,2
TTATCCTTTATTTCGTGCTTTGCCA,3,2
TTGCTGCAGAAAGTACAGAACTTTG,2,3
TCAGATTGTACAATTTTTTCACTGA,2,2
ACCATCTCTTGCAATCCCGTCCCAC,2,4
CAAATGAAGACTCAGCCCACAGATG,2,3
AGAATAAATAAAAGAATACATTTTC,6,5
CAAGTAGCACCCTTCCTTCCACAAG,2,6
TCCCCGCCGCGCGTCGCGGCGTGGG,2,2
GAATACATTTTCTTTTCTTCCATGT,5,2
TGGGAGTAAGGTACTGCATATCCTG,4,2
TATCTCACCACACATTGGTTTTTTC,1,4
TCCTTTTGGTGTGTGGATTAGCATT,2,1
GAACAGCTTCAGAGACAGTTTAAGT,1,1
TGTTGCTCTGGCAAAGCACGAAATA,5,5
TCAGAGGATACAGTAAATGTAGTCT,2,2
CTACCCAGGAAAGTCTAAGCTGGAC,3,2
AACTTCTTAACCCCACCGTCCAATT,3,2
TATACCTGTAATAATAATGTTAATT,1,1
GTTCTCATCATGATCTTTATAATTT,1,2
GGAGTCTTCCTTTTCCCAATGTTGC,2,4
CATATGCTCAGGCTCAAACCATCTC,2,2
CTTGTGGAAGGAAGGGTGCTACTTG,2,3
ACAGTCCAAAGTTGGAACACACAAC,5,3
GGTTATTTTCTCCTCCTTATGTTTT,3,2
TTCCTTCCACAAGATATGTCTGTCC,3,6
CAACCAATGGCATTAGCAGTCCGGC,1,2
AGAGATGGTTTGAGCCTGAGCATAT,4,3
TGAATGCCATATAATACATAGAATA,6,5
CAATATTGTTGTCTTTTCAAGAAGC,4,3
AGGTGAAAAGATTTGTACATTTCCA,3,4
GAAAGTCTAAGCTGGACAATAGCGT,3,2
AAAAATTCAAGCAATTTTCCCAGGA,2,5
AGTCTGAGGAAAAGCCTGAACAACC,3,2
ATGTTGCACACCTCTTCACCAGCAG,2,3
TGCAAGAGATGGTTTGAGCCTGAGC,4,3
CTTCTTCTGGCTCAATATTGTTGTC,4,3
GACAACAATATTGAGCCAGAAGAAG,2,3
TCCCACAAAACATCCAGCCTATTGC,2,3
TTCTTCTGGCTCAATATTGTTGTCT,4,3
ATGTTAATAGTAGGAGGTGATGGGG,2,4
TCCAAAGTTCTGTACTTTCTGCAGC,3,5
ACCTAGCTATAGGCTTGAGTAGAAA,2,3
CGGAGCACAGTTTCAGAGTTAAGGA,2,3
AGAGACAGCTGGGTCTGAGAAGAAA,4,1
GGTCTTGGACAGACATATCTTGTGG,3,3
CCCTAAGATGCTTCTTGAAAAGACA,3,4
CACTGCTCTGCTGCTGCTGGTGAAG,5,3
AGTTTGATCAAGAAAATAATGATAT,1,1
GTCCAGCTTAGACTTTCCTGGGTAG,2,4
GAGTATATACCTGTAATAATAATGT,1,1
CTCAGCTGGAAGAGACCACAAGACC,2,2
CCCTTGCTCTTGCAAGAGAGACTAC,6,2
CTTTGCCTGCCTGGTGGTTGTTGCT,4,4
AGGATGGTGGCTTTAGCTTTAAGGA,1,2
TTGGAACAATGTAGGTAAGGGAAGT,1,2
AAGCCACCATCCTTCCCAAGCACAA,5,2
GACGTGCAAATCGGTCGTCCGACCT,2,2
CATGGAAGGTTGCTGAAACAGGGAA,4,1
TTTTCAAGAAGCATCTTAGGGAATG,3,3
GGTGCCATCTCTTGGGCCTGTCATT,2,2
ACAATTAGCCTATTTATTCAACCAA,1,2
TCACCTCCTACTATTAACATTCCCT,4,4
GGTGAAGAGGTGTGCAACATTGGGA,5,2
CAGCTTCAGAGACAGTTTAAGTACA,1,1
ATAATGGTAAAGTTTGATCAAGAAA,1,1
TGCCATCCATAACACGCCCACCCAG,3,3
GGGAAGGTGTAATCCTTACTGGGGT,2,2
CACCTCTGTGGAGGAAATCCTGAAG,2,8
AACTTTAGCCTGGAGCACATCCTCT,2,2
GTCACATCAAATGTTATAACTGTGG,2,3
GAATCCATCAGCACCTCTGTGGAGG,2,6
GGCAAAGCACGAAATAAAGGATAAG,3,5
ATTGTTGTCTTTTCAAGAAGCATCT,4,3
ATTATTGATATGATCAAGTACATCC,1,9
TGAGAGTTTATGAGGCGGAGCACAG,2,3
TAGTCAGCGGAGGAAAAGAAACTAA,2,1
AACAGGGAAGCTTGCTGAAGCAGGG,3,1
GGGCTCAGGAGCGGGTCATCTCAGC,2,2
CCTCAGTCCAAAGTTCTGTACTTTC,4,5
CCACAGATGCCATTCCAGCTGCCCA,2,3
GAGATTCTACTAAGATTCCTAAAAT,2,2
GGTGGTTGCAGCTGAGGTGGTGGGT,2,2
AACACGCCCACCCAGGAATCCATCA,2,3
GAGGAATCATCTGCCAGCATCTACC,5,3
ACAGCCTCTGGCATGTTGGAACAAT,1,2
ACTCAGCCCACAGATGCCATTCCAG,2,3
CACAAAACATCCAGCCTATTGCTCA,3,3
ACTTTCTGCAGCAAGTAGCACCCTT,3,6
ACAGCTGGGTCTGAGAAGAAACCAG,4,2
GGGAAGTCGGCAAGCCGGATCCGTA,1,1
CCATGGAAGGTTGCTGAAACAGGGA,4,1
GGCATCTGTGGGCTGAGTCTTCATT,2,2
CTGGTGGAGGTCCGTAGCGGTCCTG,2,3
AAATAAAAGAATACATTTTCTTTTC,6,5
CCAAAGTTCTGTACTTTCTGCAGCA,3,5
TATCCTTGGAGACAATGGGCTTGAA,2,3
ATTGAGTATATACCTGTAATAATAA,1,2
AAGAATAATGGTAAAGTTTGATCAA,1,1
AGCTTGCTGAAGCAGGGAAGGTTGC,3,1
AACTGCTGCTACCTAGCTATAGGCT,1,3
TGAGTAGAAAATTGGTTTCTTCGTG,2,3
CCTTCCACAAGATATGTCTGTCCAA,3,6
TGAAGCAGGGAAGGTTGCTGAAACA,3,1
AGTGCACCCTGGAACAGCTTCAGAG,2,1
ATGCCCCTCCTTAACTCTGAAACTG,6,2
TAAGTACAACCAACTTCTCCAGAAA,1,1
AACTTCTCCAGAAAGCTTCCCTGGC,1,1
CCTATTGCTCAACCCCCTGTGGTGC,3,3
CCTGCAAACCTCCTGTCTTTTAACC,2,2
CTCAGAGGATACAGTAAATGTAGTC,2,2
TATTGTTGTCTTTTCAAGAAGCATC,4,3
CTTCATCCCCAGATACCTGTGAGCT,2,2
ATGAAGACATGCTCAACCAGTGCAC,2,2
AAATCCTGAAGAAGATTATTGATAT,2,9
ACCCAGGAAAGTCTAAGCTGGACAA,3,2
GTACTGCATATCCTGTGGAAAGTAA,3,1
TTTTGTTCTTCAGATTGTACAATTT,2,2
GGAAGGGTGCTACTTGCTGCAGAAA,2,4
TTGACAGCCATGAAGGTCTTCATCC,4,2
ACTCCGCTCCTAAGTATTTTTCAGG,1,1
AAGGGAAGTCGGCAAGCCGGATCCG,1,1
TAAACAACCAAAGTATCTCAACCTA,2,2
TCTTGGACAGACATATCTTGTGGAA,2,3
GGAAGGTGTAATCCTTACTGGGGTA,2,3
TGAAACAGGGAAGCTTGCTGAAGCA,3,1
TGAACTTCAAATGAAGACTCAGCCC,2,2
AAGTCTAAGCTGGACAATAGCGTGT,3,2
CCTCCTGTCTTTTAACCATGTGGAA,2,2
AACGAAACATTTGGTGTCATCCCTG,1,1
GAACTTCTTAACCCCACCGTCCAAT,3,2
GCTGAAGCAGGGAAGGTTGCTGAAA,3,1
CTCACTGGAGGACTTATCCTTTATT,3,2
GCCTGAGCATATGGAAAGGCCTGGG,3,3
TGTTAATAGTAGGAGGTGATGGGGA,2,4
GAGTAAGGTACTGCATATCCTGTGG,3,1
AATCAAGAGGCCCAGGATGGGCTCA,2,2
CCAAATGCTCACTATACGAGATTCT,4,2
CCACCCAGGAATCCATCAGCACCTC,2,6
TATAAGAATAATGGTAAAGTTTGAT,1,1
TTTTCAGTATCCTTGGAGACAATGG,2,3
ACTGCATATCCTGTGGAAAGTAAGC,2,1
GGCGGAGCACAGTTTCAGAGTTAAG,2,3
TTGCTCAACCCCCTGTGGTGCCATC,3,3
GTTTGTGCTTGGGAAGGATGGTGGC,1,2
AGCTTCAGAGACAGTTTAAGTACAA,1,1
CATGCTCAACCAGTGCACCCTGGAA,2,2
ACTTTAGCCTGGAGCACATCCTCTG,2,2
TAACCAGGATTCCCTCAGTAACGGC,2,2
ATTGGGAAAAGGAAGACTCCTGGGA,2,2
GTTAATACGGCTCCACAGTCCAAAG,3,3
TAAGGTACTGCATATCCTGTGGAAA,3,1
TGAAAAGATTTGTACATTTCCAGTT,3,4
AAAGGACTTGACAGCCATGAAGGTC,3,2
AAACCAATTTTCTACTCAAGCCTAT,2,3
CAAGAGGCCCAGGATGGGCTCAGGA,2,2
AACCAGGATTCCCTCAGTAACGGCG,2,2
CCTGTCTTTTAACCATGTGGAAGAT,2,2
GTTGGAACAATGTAGGTAAGGGAAG,1,2
AGAAGCATCTTAGGGAATGTTAATA,3,3
TCAGATTTTCCTCTGAGGTGGTTGC,2,2
GGAAAGTAAGCCCAAAGGGGAAAGG,2,2
GCAGGGAAGCTTGCTGAGCCATGGA,3,2
GAGAAGCATATAGAGTCCATGGGTC,3,5
AAGTAGCACCCTTCCTTCCACAAGA,2,6
AGACTTCAATTAAACAATGCAGTTA,2,4
CAATTAAACAATGCAGTTAATACGG,2,4
TGTTTTGTGGGACGGGATTGCAAGA,4,3
AGTCAGTTCAAAAAACATAAGGAGG,2,5
TTCCCAATGTTGCACACCTCTTCAC,2,3
ACCCCACCGTCCAATTCCCTGCCAC,4,2
GAAAAGAAACTAACCAGGATTCCCT,2,1
TCCAAGGTGAACAGCCTCTGGCATG,1,2
CATCTTAGGGAATGTTAATAGTAGG,3,3
CTGGAACAGCTTCAGAGACAGTTTA,1,1
CTCAGACTCACCTGGTTTCTTCTCA,5,2
GAACAGCCTCTGGCATGTTGGAACA,1,2
GTTAATTCCTATAAGAATAATGGTA,1,1
TCTCTTGCAATCCCGTCCCACAAAA,2,4
GCTTGGGAAGGATGGTGGCTTTAGC,1,2
TGAGGAAGAGACAGCTGGGTCTGAG,4,1
ACTTTGGACTGAGGAAGAGACAGCT,4,2
ACAGCTTCAGAGACAGTTTAAGTAC,1,1
CCTGGTGGTTGTTGCTCTGGCAAAG,4,4
TTCCGTTTCTGTCTAAGAGGATTTC,4,2
GAGGTGATGGGGAAACCACGAAGAA,2,4
GTTTCAGTCAGTTCAAAAAACATAA,2,5
GGCTCAAACCATCTCTTGCAATCCC,2,4
TTTCCTGGGTAGATGCTGGCAGATG,3,2
TATTGCTCAACCCCCTGTGGTGCCA,3,3
AAATATATCATTTTTGTAGCATGAT,3,1
AAAGACTTCAATTAAACAATGCAGT,2,4
TCTTCTTCTGGCTCAATATTGTTGT,4,3
GATGAACTTCAAATGAAGACTCAGC,2,2
GGTTAAGAAGTTCTAGGTACTGCAG,4,2
AGATGAACTTCAAATGAAGACTCAG,2,2
TCTCTTCTATAGGATCATTTATTTC,2,2
TCCATAACACGCCCACCCAGGAATC,2,3
GAGTCCATGGGTCGAATTCAAATGA,4,5
TCCCCATCACCTCCTACTATTAACA,3,4
GTGAAGAGGTGTGCAACATTGGGAA,5,2
TAAAATAACTGCTGCTACCTAGCTA,2,3
TGCTTCTTGAAAAGACAACAATATT,2,3
AGCGGGTCATCTCAGCTGGAAGAGA,2,2
TGCCTGCAAACCTCCTGTCTTTTAA,2,2
GAAGAGCCCAGCGCCGAATCCCCGC,4,2
AGTCCAAAGTTGGAACACACAACTC,5,2
ACGCCCACCCAGGAATCCATCAGCA,2,4
GGTGATGGGGAAACCACGAAGAAAC,2,4
ACCTGTAATAATAATGTTAATTCCT,1,1
CTCTCTCTTCTTCTGGCTCAATATT,4,3
GGCAGATGATTCCTCACTGGAGGAC,3,2
AGGATTTCCAGGTTATTTTCTCCTC,4,2
TATGGAAAGGCCTGGGGCTGTGACT,3,2
GTTCTTCATCTTTGCCTGCCTGGTG,4,4
TTCAGAGACAGTTTAAGTACAACCA,1,1
AGAAGAAACCAGGTGAGTCTGAGGA,3,3
AGAAACGGAATGTTGTGGAGTGGCA,2,2
GAGCCATGGAAGGTTGCTGAAACAG,4,1
ATATGTCTGTCCAAGACCTTCTGCA,2,4
TGTTCTTCAGATTGTACAATTTTTT,2,2
ATATTAGTCAGCGGAGGAAAAGAAA,2,1
AGAAACTAACCAGGATTCCCTCAGT,2,2
CGAAATAAAGGATAAGTCCTCCAGT,3,5
ATACATTTTCTTTTCTTCCATGTAG,4,2
AATTGGTTTCTTCGTGGTTTCCCCA,3,5
TGTGGCCCTTGCTCTTGCAAGAGAG,6,2
GGACAGACATATCTTGTGGAAGGAA,1,3
CAGTTAATACGGCTCCACAGTCCAA,3,3
TTTGAGCCTGAGCATATGGAAAGGC,3,3
ATTTTCCCAGGAGTCTTCCTTTTCC,2,4
CCATATAATACATAGAATAAATAAA,6,5
AGCAGGTCTCCAAGGTGAACAGCCT,1,2
TATGCTCAGGCTCAAACCATCTCTT,2,2
TCCAAAGATGAACTTCAAATGAAGA,2,2
CATTAGGCTGGGGCCACTGGTTCAC,3,3
AGAACACGCTATTGTCCAGCTTAGA,2,2
GCTGTCTCTTCCTCAGTCCAAAGTT,2,5
GTAATAATAATGTTAATTCCTATAA,1,1
CCCAGGAGTCTTCCTTTTCCCAATG,2,4
ACAGTTTAAGTACAACCAACTTCTC,1,1
GATATGTTCAACAGATTCCTCACTG,1,3
CCTGAGCATATGGAAAGGCCTGGGG,3,3
GGGTAGATGCTGGCAGATGATTCCT,3,2
AAATACTATCAGTCTCAGAGGATAC,2,2
AGGTAAGGGAAGTCGGCAAGCCGGA,1,1
TTTTGGTGTGTGGATTAGCATTATT,2,2
ATGTTCAACAGATTCCTCACTGGAA,1,3
TCCACTAAAGGACTTGACAGCCATG,3,2
GTTTAAGTACAACCAACTTCTCCAG,1,1
GAGCCTGAGCATATGGAAAGGCCTG,3,3
GCTGAGCCATGGAAGGTTGCTGAAA,4,2
CGTGCAAATCGGTCGTCCGACCTGG,2,2
TCTATAGGATCATTTATTTCACTAA,2,2
ACTTATCCTTTATTTCGTGCTTTGC,3,2
TTTTCCTACAGTCACATAAGTCACA,1,1
CGGGTCATCTCAGCTGGAAGAGACC,2,2
TAATAGTAGGAGGTGATGGGGAAAC,2,4
GTTATTTTCTCCTCCTTATGTTTTT,3,2
TTGGGAAAAGGAAGACTCCTGGGAA,2,2
ACTGTGCTCCGCCTCATAAACTCTC,4,2
TGGGTCTGAGAAGAAACCAGGTGAG,4,3
GAGGAAAAGCCTGAACAACCTGTGC,3,2
TGGTGTAGCTGGTGGGAGTGGACTG,2,3
TGTACAATTTTTTCACTGACTTCCT,2,2
TAACATTCCCTAAGATGCTTCTTGA,4,4
GCACCCTTCCTTCCACAAGATATGT,3,6
CTTGAAAAGACAACAATATTGAGCC,2,3
AGATGCCATTCCAGCTGCCCAGTCC,2,3
AATAAATAAAAGAATACATTTTCTT,6,5
AGCACCCTTCCTTCCACAAGATATG,3,6
GGGAAGAGCCCAGCGCCGAATCCCC,4,2
TCAGACTCACCTGGTTTCTTCTCAG,5,2
GAAGAAACCAATTTTCTACTCAAGC,2,3
TGTCTTTTAACCATGTGGAAGATGG,2,2
CTTTGGGAGTAAGGTACTGCATATC,4,2
CTGTGCTCCGCCTCATAAACTCTCA,4,2
GGTCATCTCAGCTGGAAGAGACCAC,2,2
CTTCCTCAGTCCAAAGTTCTGTACT,3,4
CATCTCTTGGGCCTGTCATTTCTCC,2,2
ATATCTCACCACACATTGGTTTTTT,1,4
TTTTTCCTACAGTCACATAAGTCAC,1,1
AATATCTCACCACACATTGGTTTTT,1,4
AGAGTTTATGAGGCGGAGCACAGTT,2,3
GTTAATAGTAGGAGGTGATGGGGAA,2,4
TGTCCTCCACTAAAGGACTTGACAG,2,2
TGTTCAACAGATTCCTCACTGGAAA,1,2
TGAAGACATGCTCAACCAGTGCACC,2,2
CATATAATACATAGAATAAATAAAA,6,5
TAGGGAATGTTAATAGTAGGAGGTG,2,4
ACCAGTGCACCCTGGAACAGCTTCA,2,1
GTGGCGTACGGAAGACCCACTCCCC,2,1
TATGTATATTGAGTATATACCTGTA,1,2
GAAGCTTGCTGAAGCAGGGAAGGTT,3,2
TCTGGCAAAGCACGAAATAAAGGAT,4,5
ATCCAGCCTATTGCTCAACCCCCTG,3,3
AAGAGACAGCTGGGTCTGAGAAGAA,4,1
CTCACCACACATTGGTTTTTTCAGT,1,4
TTTTGTGGGACGGGATTGCAAGAGA,4,3
ATTTATTCAACCAATGGCATTAGCA,1,2
GCATCTACCCAGGAAAGTCTAAGCT,3,2
CTCATCATGATCTTTATAATTTGAG,1,2
TGCTGAAGCAGGGAAGGTTGCTGAA,3,1
TTGTCCAGCTTAGACTTTCCTGGGT,2,4
AATGCCATCCATAACACGCCCACCC,3,3
AACATTCCGTTTCTGTCTAAGAGGA,4,2
ACAGGGAAGCTTGCTGAAGCAGGGA,3,1
AGAATACATTTTCTTTTCTTCCATG,5,2
TAATGTTAATTCCTATAAGAATAAT,1,1
TTTCCTCAGACTCACCTGGTTTCTT,5,2
TTCTTCTCAGACCCAGCTGTCTCTT,4,3
AGTCAGCGGAGGAAAAGAAACTAAC,2,1
TCCAGCCTATTGCTCAACCCCCTGT,3,3
GGACTTATCCTTTATTTCGTGCTTT,3,2
TAATTCCTATAAGAATAATGGTAAA,1,1
CCAGGAATCCATCAGCACCTCTGTG,2,6
CCCCTCCTTAACTCTGAAACTGTGC,5,2
TAACTGAGAAGCATATAGAGTCCAT,3,5
CCCTTCCTTCCACAAGATATGTCTG,3,6
TGGCAAAGCACGAAATAAAGGATAA,3,5
CTTGAAGGTGTTAAGGACAGCTTTG,4,2
GGGAAACCACGAAGAAACCAATTTT,2,2
AAAGACAACAATATTGAGCCAGAAG,2,3
AGGTACTGCATATCCTGTGGAAAGT,3,1
GTAAAGTTTGATCAAGAAAATAATG,1,1
TGGTCAGATTTTCCTCTGAGGTGGT,2,2
ACACGCCCACCCAGGAATCCATCAG,2,3
TTCCTGTAATATAACTGAGAAGCAT,1,3
CGTAGCGGTCCTGACGTGCAAATCG,2,2
CCCCCTGTGGTGCCATCTCTTGGGC,4,3
ATCATCTGCCAGCATCTACCCAGGA,4,2
TACTTTCTGCAGCAAGTAGCACCCT,3,6
ACCTAGAACTTCTTAACCCCACCGT,2,2
TGTCCAGCTTAGACTTTCCTGGGTA,2,4
TCGTGGTTTCCCCATCACCTCCTAC,3,5
GTGCTCCGCCTCATAAACTCTCAAA,4,2
GCTCCACAGTCCAAAGTTGGAACAC,3,3
GGACGGGATTGCAAGAGATGGTTTG,4,3
CGTGGGAAATGTGGCGTACGGAAGA,1,1
TACATAGAATAAATAAAAGAATACA,6,5
ATTGGTTTTTTCAGTATCCTTGGAG,2,3
GCGGTCCTGACGTGCAAATCGGTCG,2,2
ACTGGGCAGCTGGAATGGCATCTGT,2,3
TCATCCCCAGATACCTGTGAGCTAC,3,2
CCGTCCCACAAAACATCCAGCCTAT,2,4
TAACGGCGAGTGAACAGGGAAGAGC,2,3
ACTTGCTGCAGAAAGTACAGAACTT,2,3
TCCTGAAGAAGATTATTGATATGAT,1,9
ATGTATATTGAGTATATACCTGTAA,1,2
TTAGACTTTCCTGGGTAGATGCTGG,3,3
GGTCCGTAGCGGTCCTGACGTGCAA,2,2
TTTTCCTCAGACTCACCTGGTTTCT,5,2
GAAAAGAGAAGGCAGCCCGGGTTAA,2,2
TTTGTTCTTCAGATTGTACAATTTT,2,2
TAATACATAGAATAAATAAAAGAAT,6,5
AAGACCTTCTGCAGTACCTAGAACT,2,2
CGGCGTGGGAAATGTGGCGTACGGA,1,1
AGGATACAGTAAATGTAGTCTCTCT,2,2
ATAGGCTTGAGTAGAAAATTGGTTT,2,3
CCTTTTCCCAATGTTGCACACCTCT,2,3
CAGAAAGTACAGAACTTTGGACTGA,2,2
CTGAAGCAGGGAAGGTTGCTGAAAC,3,1
CAGCTGAGGTGGTGGGTCTTGTGGT,3,2
CTTTTCCTCAGACTCACCTGGTTTC,5,2
AATAAAGGATAAGTCCTCCAGTGAG,4,3
CCTTCTGCAGTACCTAGAACTTCTT,2,2
ATCATTTATTTCACTAACAGCTGTT,2,2
GTGAGGAATCATCTGCCAGCATCTA,4,3
TTCTGTCTAAGAGGATTTCCAGGTT,3,2
CCTGAAGAAGATTATTGATATGATC,1,9
TGTTGGAACAATGTAGGTAAGGGAA,1,2
TAGGTACTGCAGAAGGTCTTGGACA,3,2
ATTGCAAGAGATGGTTTGAGCCTGA,4,3
AAACAATGCAGTTAATACGGCTCCA,3,3
CAGCACCTCTGTGGAGGAAATCCTG,2,8
CACAAACAGATGCCCCTCCTTAACT,6,2
AAGCATATTAGTCAGCGGAGGAAAA,2,1
CAGGAGTCTTCCTTTTCCCAATGTT,2,4
TCTAGGTACTGCAGAAGGTCTTGGA,3,2
GAATCCCCGCCGCGCGTCGCGGCGT,2,2
TCACCACACATTGGTTTTTTCAGTA,1,4
AGGTGAGTCTGAGGAAAAGCCTGAA,3,3
GTCTTTTAACCATGTGGAAGATGGA,2,2
GTAACGGCGAGTGAACAGGGAAGAG,2,3
CTTGCAATCCCGTCCCACAAAACAT,2,4
GAGTAGAAAATTGGTTTCTTCGTGG,2,3
GGATTGCAAGAGATGGTTTGAGCCT,4,3
CTGGTTTCTTCTCAGACCCAGCTGT,5,3
CTTGCTGAAGCAGGGAAGGTTGCTG,3,1
TCTTCAGATTGTACAATTTTTTCAC,2,2
GGAAAGTCTAAGCTGGACAATAGCG,3,2
TTGTGGAAGGAAGGGTGCTACTTGC,2,3
AGGGAATGTTAATAGTAGGAGGTGA,2,4
CACAGTTTCAGAGTTAAGGAGGGGC,2,2
GTACTTTCTGCAGCAAGTAGCACCC,3,6
GGTGGTTGTTGCTCTGGCAAAGCAC,4,4
TCTTCATCTTTGCCTGCCTGGTGGT,4,4
TGTGCTCCGCCTCATAAACTCTCAA,4,2
AATGTTAATAGTAGGAGGTGATGGG,2,4
ACTGCTCTGCTGCTGCTGGTGAAGA,5,3
GCGAGTGAACAGGGAAGAGCCCAGC,3,3
ACGGGATTGCAAGAGATGGTTTGAG,4,3
CAGAGAATCAAGAGGCCCAGGATGG,2,2
TAGCTATAGGCTTGAGTAGAAAATT,2,3
TTTCTGCAGCAAGTAGCACCCTTCC,3,6
CATAACACGCCCACCCAGGAATCCA,2,3
GGTGGAGGTCCGTAGCGGTCCTGAC,2,3
GACCTTCTGCAGTACCTAGAACTTC,2,2
TTTAACCATGTGGAAGATGGATCTT,2,2
TCCTGTCTTTTAACCATGTGGAAGA,2,2
CAGCCTAATGCCATCCATAACACGC,3,3
GTGGACTGGGCAGCTGGAATGGCAT,2,3
CTTAACTCTGAAACTGTGCTCCGCC,5,2
CTGAAAAGACTTCAATTAAACAATG,2,4
AACCAATGGCATTAGCAGTCCGGCT,1,2
GCTCTGCTGCTGCTGGTGAAGAGGT,5,3
TCCCAGGAGTCTTCCTTTTCCCAAT,2,4
GGAAGTCGGCAAGCCGGATCCGTAA,1,1
TTTTTCAGTATCCTTGGAGACAATG,2,3
GCACGAAATAAAGGATAAGTCCTCC,3,5
AGACATATCTTGTGGAAGGAAGGGT,1,3
TATGTTCAACAGATTCCTCACTGGA,1,3
CCCAGGATGGGCTCAGGAGCGGGTC,2,2
AATAACTGCTGCTACCTAGCTATAG,2,3
AGGAATCCATCAGCACCTCTGTGGA,2,6
TGTTAAGGACAGCTTTGGGAGTAAG,4,2
TAGGATCATTTATTTCACTAACAGC,2,2
ATCCTGTGGAAAGTAAGCCCAAAGG,2,2
CATTGATATGTTCAACAGATTCCTC,1,3
TTCAGAGTTAAGGAGGGGCATCTGT,1,2
CAGTGCACCCTGGAACAGCTTCAGA,2,1
TGCACACCTCTTCACCAGCAGCAGC,2,3
TTCCACAAGATATGTCTGTCCAAGA,3,5
AGACTTTCCTGGGTAGATGCTGGCA,3,3
GAGGATACAGTAAATGTAGTCTCTC,2,2
AAGCTTGCTGAGCCATGGAAGGTTG,3,2
GTAAGGTACTGCATATCCTGTGGAA,3,1
GCAAATGAAGACATGCTCAACCAGT,2,2
TTGTTGTCTTTTCAAGAAGCATCTT,4,3
TACTAAGATTCCTAAAATAACTGCT,1,3
ACAGACATATCTTGTGGAAGGAAGG,1,3
TAATAATGTTAATTCCTATAAGAAT,1,1
ATTGTACAATCTGAAGAACAAAAGG,2,2
AAGGGGAAAGGCATCATACTGGAAG,2,2
GGGCAGCTGGAATGGCATCTGTGGG,2,3
TTCATCTTTGCCTGCCTGGTGGTTG,4,4
TCAGTCCAAAGTTCTGTACTTTCTG,3,5
GTTCACACTGCTCTGCTGCTGCTGG,5,3
GGAATGGCATCTGTGGGCTGAGTCT,2,2
ATAGGATCATTTATTTCACTAACAG,2,2
AGTAACGGCGAGTGAACAGGGAAGA,2,3
GTATCCTTGGAGACAATGGGCTTGA,2,3
GGAAGCTTGCTGAAGCAGGGAAGGT,3,2
AAAGGCCTGGGGCTGTGACTGGATG,3,2
AGGGAAGAGCCCAGCGCCGAATCCC,4,2
CAGCTGGGTCTGAGAAGAAACCAGG,4,2
GGTACTGCATATCCTGTGGAAAGTA,3,1
GCCTTGTGGCCCTTGCTCTTGCAAG,6,2
TTGTAGCATGATCCAAAGGTGAAAA,3,1
ATCTGTGGGCTGAGTCTTCATTTGA,2,2
AAGCCTGAACAACCTGTGCCAGGAG,2,2
GGTGGGGTTAAGAAGTTCTAGGTAC,4,2
CAAACAGATGCCCCTCCTTAACTCT,6,2
TTCCTCAGACTCACCTGGTTTCTTC,5,2
TCTCATTGATATGTTCAACAGATTC,1,2
TTCGTGGTTTCCCCATCACCTCCTA,3,5
AAACATTGCAAATGAAGACATGCTC,2,2
GGTGCTACTTGCTGCAGAAAGTACA,2,3
GGTCAGATTTTCCTCTGAGGTGGTT,2,2
GTGGGAGTGGACTGGGCAGCTGGAA,2,3
TGAACAGGGAAGAGCCCAGCGCCGA,4,3
GCTGGAATGGCATCTGTGGGCTGAG,2,3
GGTCCTGACGTGCAAATCGGTCGTC,2,2
GTCTAAGAGGATTTCCAGGTTATTT,3,2
AAACTGTGCTCCGCCTCATAAACTC,4,2
CCTTGCTCTTGCAAGAGAGACTACA,6,2
TTAACCATGTGGAAGATGGATCTTT,2,2
AAGAGGCCCAGGATGGGCTCAGGAG,2,2
CTGCAAACCTCCTGTCTTTTAACCA,2,2
TTAACTCTGAAACTGTGCTCCGCCT,5,2
GCATGTTGGAACAATGTAGGTAAGG,1,2
CAGGGAAGCTTGCTGAAGCAGGGAA,3,1
TCAGCCCACAGATGCCATTCCAGCT,2,3
CCAAGGTGAACAGCCTCTGGCATGT,1,2
GAAACCAATTTTCTACTCAAGCCTA,2,3
TGAAGTTCTTCATCTTTGCCTGCCT,4,4
TGGGAAAAGGAAGACTCCTGGGAAA,2,2
GGCCCAGGATGGGCTCAGGAGCGGG,2,2
TATTTATTCAACCAATGGCATTAGC,1,2
TCTTCGTGGTTTCCCCATCACCTCC,3,5
GCTTTGGGAGTAAGGTACTGCATAT,4,2
GTTCTTCAGATTGTACAATTTTTTC,2,2
CATCCAGCCTATTGCTCAACCCCCT,3,3
ATTAAACAATGCAGTTAATACGGCT,2,3
ACAGATGCCATTCCAGCTGCCCAGT,2,3
AACAAGTAACCATGAAGTTCTTCAT,3,3
TTAAACAATGCAGTTAATACGGCTC,2,3
ACTCACCTGGTTTCTTCTCAGACCC,5,2
TCATTTATTTCACTAACAGCTGTTC,2,2
CCTCCAGTGAGGAATCATCTGCCAG,3,2
TGTTCTCATCATGATCTTTATAATT,1,2
GACGGGATTGCAAGAGATGGTTTGA,5,3
TTCTCATTGATATGTTCAACAGATT,1,2
AGCAATTTTCCCAGGAGTCTTCCTT,2,5
TTCCTCTGAGGTGGTTGCAGCTGAG,2,2
CTGCTGCTGCTGGTGAAGAGGTGTG,5,2
CTTCCACAAGATATGTCTGTCCAAG,3,6
AGAAATATATCATTTTTGTAGCATG,3,1
GCTCTTGCAAGAGAGACTACATTTA,5,2
TCAACCAATGGCATTAGCAGTCCGG,1,2
ATAATACATAGAATAAATAAAAGAA,6,5
AGTCCAAAGTTCTGTACTTTCTGCA,3,5
TTCCCTCAGTAACGGCGAGTGAACA,2,2
CAGGTCTCCAAGGTGAACAGCCTCT,1,2
TTAATTCAGAAATATATCATTTTTG,3,2
AAGAAGATTATTGATATGATCAAGT,1,10
CTGTCTAAGAGGATTTCCAGGTTAT,3,2
TGCCTGGGTCCAAAGATGAACTTCA,2,2
GGATTCCCTCAGTAACGGCGAGTGA,2,2
TTTTCCCAGGAGTCTTCCTTTTCCC,2,4
GCACCCTGGAACAGCTTCAGAGACA,1,1
GGTGTGTGGATTAGCATTATTTGTT,2,2
TACTATTAACATTCCCTAAGATGCT,4,4
CGTGGTTTCCCCATCACCTCCTACT,3,5
TGCAAACCTCCTGTCTTTTAACCAT,2,2
TAAGAGGATTTCCAGGTTATTTTCT,3,2
AAAAGACAACAATATTGAGCCAGAA,2,3
GCCTATTGCTCAACCCCCTGTGGTG,3,3
AGGTTATTTTCTCCTCCTTATGTTT,3,2
GCAGTTAATACGGCTCCACAGTCCA,3,3
AATTAAACAATGCAGTTAATACGGC,2,3
GGCTTTTCCTCAGACTCACCTGGTT,3,2
GCATATCCTGTGGAAAGTAAGCCCA,2,2
GTCCAAAGTTCTGTACTTTCTGCAG,3,5
GGGTCATCTCAGCTGGAAGAGACCA,2,2
GCTCTGGCAAAGCACGAAATAAAGG,5,5
TGAAACTGTGCTCCGCCTCATAAAC,4,2
GCAACATTGGGAAAAGGAAGACTCC,2,2
TGAACAGCCTCTGGCATGTTGGAAC,1,2
GGCTCAATATTGTTGTCTTTTCAAG,2,3
ATGGTTTGAGCCTGAGCATATGGAA,4,3
CACCCTGGAACAGCTTCAGAGACAG,1,1
AACCTCCTGTCTTTTAACCATGTGG,2,2
AGTCACATCAAATGTTATAACTGTG,2,3
CAAGAGATGGTTTGAGCCTGAGCAT,4,3
AGAGACAGTTTAAGTACAACCAACT,1,1
GGCTCAGGAGCGGGTCATCTCAGCT,2,2
TTGGAAGAACACGCTATTGTCCAGC,1,2
TTATGAGGCGGAGCACAGTTTCAGA,2,3
AGCACGAAATAAAGGATAAGTCCTC,3,5
CAGTCCAAAGTTGGAACACACAACT,5,2
CCCAGCGCCGAATCCCCGCCGCGCG,3,2
CTGAGGAAGAGACAGCTGGGTCTGA,4,2
CACTAACAGCTGTTCTCATCATGAT,2,2
ACTAACCAGGATTCCCTCAGTAACG,2,2
GTATATTGAGTATATACCTGTAATA,1,2
AGTTTATGAGGCGGAGCACAGTTTC,2,3
AAACCATCTCTTGCAATCCCGTCCC,2,4
CAAAGGGGAAAGGCATCATACTGGA,2,2
TCAATATTGTTGTCTTTTCAAGAAG,4,3
GCCATATAATACATAGAATAAATAA,6,5
TGTGCAACATTGGGAAAAGGAAGAC,2,2
CCACGAAGAAACCAATTTTCTACTC,2,2
AGTAAGCCCAAAGGGGAAAGGCATC,2,2
TTATTCAACCAATGGCATTAGCAGT,1,2
GGAACAGCTTCAGAGACAGTTTAAG,1,1
ATTGCTCAACCCCCTGTGGTGCCAT,3,3
TAGTACTGAAAAGACTTCAATTAAA,2,4
AATCCCGTCCCACAAAACATCCAGC,2,4
AGTATATACCTGTAATAATAATGTT,1,1
AGTAGAAAATTGGTTTCTTCGTGGT,2,3
TTGTGGCCCTTGCTCTTGCAAGAGA,6,2
CCCACAAAACATCCAGCCTATTGCT,2,3
GAAGGTGTTAAGGACAGCTTTGGGA,4,2
ACCAACTTCTCCAGAAAGCTTCCCT,1,1
CACTGGAGGACTTATCCTTTATTTC,3,2
ATAGAATAAATAAAAGAATACATTT,6,5
AGGGGAAAGGCATCATACTGGAAGA,2,2
TGAATTTAAGCATATTAGTCAGCGG,2,1
AATAATGGTAAAGTTTGATCAAGAA,1,1
AAAAGCCTGAACAACCTGTGCCAGG,2,2
TTAGGGAATGTTAATAGTAGGAGGT,2,4
TGAGGCGGAGCACAGTTTCAGAGTT,2,3
CAATGTTGCACACCTCTTCACCAGC,2,3
AACTTCAAATGAAGACTCAGCCCAC,2,2
TGCTGAAACAGGGAAGCTTGCTGAA,4,1
AACATTGCAAATGAAGACATGCTCA,2,2
GATATGTCTGTCCAAGACCTTCTGC,2,4
GCCCAGGATGGGCTCAGGAGCGGGT,2,2
TGGTGGAGGTCCGTAGCGGTCCTGA,2,3
GCTGGTGGGAGTGGACTGGGCAGCT,2,3
AAGGAACAAGTAACCATGAAGTTCT,2,2
CCATCCTTCCCAAGCACAAACAGAT,4,2
GTAGCAGGGAAGCTTGCTGAGCCAT,3,2
CGCCCACCCAGGAATCCATCAGCAC,2,6
CTCTTTTTCCTACAGTCACATAAGT,1,1
GTCGAATTCAAATGAATGCCATATA,6,6
TGCTGCTACCTAGCTATAGGCTTGA,2,3
TGTCCAAGACCTTCTGCAGTACCTA,3,4
GAATCAAGAGGCCCAGGATGGGCTC,2,2
AAATGCTCACTATACGAGATTCTAC,4,2
CTCATTGATATGTTCAACAGATTCC,1,3
GGCGTGGGAAATGTGGCGTACGGAA,1,1
GAAGGTTGCTGAAACAGGGAAGCTT,9,2
TTGGGAAGGATGGTGGCTTTAGCTT,1,2
CCTGCCTGGTGGTTGTTGCTCTGGC,4,4
TGGTTTCTTCGTGGTTTCCCCATCA,3,5
GAAACTGTGCTCCGCCTCATAAACT,4,2
ACCCTTCCTTCCACAAGATATGTCT,3,6
ATAATAATGTTAATTCCTATAAGAA,1,1
GGTTTTTTCAGTATCCTTGGAGACA,2,3
CAACCAAAGTATCTCAACCTAAATC,2,2
GGTGTAGCTGGTGGGAGTGGACTGG,2,3
TAATTCAGAAATATATCATTTTTGT,3,2
AAGACATGCTCAACCAGTGCACCCT,2,2
AGCCTAATGCCATCCATAACACGCC,3,3
TACAATTTTTTCACTGACTTCCTCG,2,2
TTGCACACCTCTTCACCAGCAGCAG,2,3
GAGTGAACAGGGAAGAGCCCAGCGC,5,3
ATGAAGGTCTTCATCCTCGCCTGCC,4,2
TGGGTCGAATTCAAATGAATGCCAT,6,5
TGAAGACTCAGCCCACAGATGCCAT,2,3
GAGCGGGTCATCTCAGCTGGAAGAG,2,2
TGGAAGAACACGCTATTGTCCAGCT,1,2
AAGCTTGCTGAAGCAGGGAAGGTTG,3,1
GTCTCCAAGGTGAACAGCCTCTGGC,1,2
CTGAAACAGGGAAGCTTGCTGAAGC,3,1
TCTTCTGGCTCAATATTGTTGTCTT,4,3
GTACCTAGAACTTCTTAACCCCACC,2,2
TATTAGTCAGCGGAGGAAAAGAAAC,2,1
CCTGTAATAATAATGTTAATTCCTA,1,1
GTGGGAAATGTGGCGTACGGAAGAC,1,1
CTGCAGAAAGTACAGAACTTTGGAC,2,2
AAAGTCTAAGCTGGACAATAGCGTG,3,2
CAAATGCTCACTATACGAGATTCTA,4,2
AACTCTGAAACTGTGCTCCGCCTCA,5,2
GAAGTCGGCAAGCCGGATCCGTAAC,1,1
GTGCAAATCGGTCGTCCGACCTGGG,2,2
GTGATGGGGAAACCACGAAGAAACC,3,4
CTTAGGGAATGTTAATAGTAGGAGG,2,4
TCCTAAAATAACTGCTGCTACCTAG,2,3
TCTGAGAAGAAACCAGGTGAGTCTG,4,3
GACTCAGCCCACAGATGCCATTCCA,2,3
CAACCCCCTGTGGTGCCATCTCTTG,4,3
CACACATTGGTTTTTTCAGTATCCT,2,3
ATATAACTGAGAAGCATATAGAGTC,3,4
CAGCCATGAAGGTCTTCATCCTCGC,4,2
CTAAAATAACTGCTGCTACCTAGCT,2,3
TAGTAGGAGGTGATGGGGAAACCAC,2,4
GCTCAGGAGCGGGTCATCTCAGCTG,2,2
CATATGGAAAGGCCTGGGGCTGTGA,3,2
CGGTGGGGTTAAGAAGTTCTAGGTA,4,2
TACATTTTCTTTTCTTCCATGTAGA,4,2
GTGGTGCCATCTCTTGGGCCTGTCA,3,2
CTCACTGGTGTAGCTGGTGGGAGTG,2,3
ATATATCATTTTTGTAGCATGATCC,3,1
GTAAGCCCAAAGGGGAAAGGCATCA,2,2
TCACTGGTGTAGCTGGTGGGAGTGG,2,3
ATTAGGCTGGGGCCACTGGTTCACA,3,3
ATGTTTTGTGGGACGGGATTGCAAG,4,3
CATTGGTTTTTTCAGTATCCTTGGA,2,3
TTGGTCAGATTTTCCTCTGAGGTGG,2,2
AAGAGCCCAGCGCCGAATCCCCGCC,4,2
TTGTTCTTCAGATTGTACAATTTTT,2,2
CGCTATTGTCCAGCTTAGACTTTCC,2,3
AGGTGAACAGCCTCTGGCATGTTGG,1,2
GTCTCAGAGGATACAGTAAATGTAG,2,2
GGTAAGGGAAGTCGGCAAGCCGGAT,1,1
GAATTCAAATGAATGCCATATAATA,6,5
TCATCCTCGCCTGCCTTGTGGCCCT,6,2
GTCTGAGGAAAAGCCTGAACAACCT,3,2
ACTTCTTAACCCCACCGTCCAATTC,3,2
GGACTTGACAGCCATGAAGGTCTTC,4,2
TATCAGTCTCAGAGGATACAGTAAA,2,2
GAAGAACACGCTATTGTCCAGCTTA,1,2
CTTTTGTTCTTCAGATTGTACAATT,2,2
CATGTTGGAACAATGTAGGTAAGGG,1,2
TCAAGCAATTTTCCCAGGAGTCTTC,2,5
CTACTATTAACATTCCCTAAGATGC,4,4
GGGCCACTGGTTCACACTGCTCTGC,5,3
TTGAGTAGAAAATTGGTTTCTTCGT,2,3
AAACAGGGAAGCTTGCTGAAGCAGG,3,1
CTGCCTGGTGGTTGTTGCTCTGGCA,4,4
GACATATCTTGTGGAAGGAAGGGTG,1,3
CAGTCAGTTCAAAAAACATAAGGAG,2,5
AAGGTCTTCATCCTCGCCTGCCTTG,5,2
CAAAGTTCTGTACTTTCTGCAGCAA,3,6
CAGACTCACCTGGTTTCTTCTCAGA,5,2
GAAAGTACAGAACTTTGGACTGAGG,4,2
AAGGACAGCTTTGGGAGTAAGGTAC,4,2
GAGTCTGAGGAAAAGCCTGAACAAC,3,2
AGGCTTTTCCTCAGACTCACCTGGT,3,2
GTCTTCCTTTTCCCAATGTTGCACA,2,4
AAAGATGAACTTCAAATGAAGACTC,2,2
AGCCACCATCCTTCCCAAGCACAAA,5,2
ACCTCCTACTATTAACATTCCCTAA,4,4
ATCTTTGCCTGCCTGGTGGTTGTTG,4,4
TTGAAAAGACAACAATATTGAGCCA,2,3
CCCAGGAAAGTCTAAGCTGGACAAT,3,2
TGGTTTCTTCTCAGACCCAGCTGTC,5,3
GCTGTTCTCATCATGATCTTTATAA,1,2
TTGCTGAAACAGGGAAGCTTGCTGA,4,1
AAGTTCTAGGTACTGCAGAAGGTCT,4,2
AGGGAAGTCGGCAAGCCGGATCCGT,1,1
ATGAAGACTCAGCCCACAGATGCCA,2,3
GGAGGACTTATCCTTTATTTCGTGC,3,2
AGGAAATCCTGAAGAAGATTATTGA,2,7
GCAAACCTCCTGTCTTTTAACCATG,2,2
CACTGTCTCTTCTATAGGATCATTT,2,2
AATATTGTTGTCTTTTCAAGAAGCA,4,3
GGAGTGGACTGGGCAGCTGGAATGG,2,3
TAAGCCCAAAGGGGAAAGGCATCAT,2,2
GAACAAGTAACCATGAAGTTCTTCA,3,3
CATGATCCAAAGGTGAAAAGATTTG,3,3
TTCAATTAAACAATGCAGTTAATAC,2,4
CTCTTCATCCCCAGATACCTGTGAG,2,3
GAAAAGACTTCAATTAAACAATGCA,2,4
TTTTTTCAGTATCCTTGGAGACAAT,2,3
AGACAACAATATTGAGCCAGAAGAA,2,3
TTCTCATCATGATCTTTATAATTTG,1,2
TTTCTGTCTAAGAGGATTTCCAGGT,3,2
TTTATTCAACCAATGGCATTAGCAG,1,2
CCCAAAGGGGAAAGGCATCATACTG,2,2
CAGGCTTTTCCTCAGACTCACCTGG,3,2
GTCCCACAAAACATCCAGCCTATTG,2,3
GCTGTAGCAGGGAAGCTTGCTGAGC,3,2
CCTTGTGGCCCTTGCTCTTGCAAGA,6,2
TTTGTAGCATGATCCAAAGGTGAAA,3,1
TGCCAGCATCTACCCAGGAAAGTCT,3,2
AATGCAGTTAATACGGCTCCACAGT,3,3
ATTAGCCTATTTATTCAACCAATGG,1,2
TTCAAGAAGCATCTTAGGGAATGTT,3,3
GCTTGCTGAAGCAGGGAAGGTTGCT,3,1
ACGGCGAGTGAACAGGGAAGAGCCC,2,3
GAGTTAAGGAGGGGCATCTGTTTGT,1,2
CTGTGGTGCCATCTCTTGGGCCTGT,3,2
GCATTAGGCTGGGGCCACTGGTTCA,3,3
ACGAAACATTTGGTGTCATCCCTGA,1,1
TTTTAACCATGTGGAAGATGGATCT,2,2
AGTTCTGTACTTTCTGCAGCAAGTA,3,6
TCTTAACCCCACCGTCCAATTCCCT,4,2
TCAGGAGCGGGTCATCTCAGCTGGA,2,2
AGCAGGGAAGGTTGCTGAAACAGGG,3,1
GAAATACTATCAGTCTCAGAGGATA,2,2
CTGACGTGCAAATCGGTCGTCCGAC,2,2
TTTATGAGGCGGAGCACAGTTTCAG,2,3
AAAGTTTGATCAAGAAAATAATGAT,1,1
ACATTGGGAAAAGGAAGACTCCTGG,2,2
TATTTCACTAACAGCTGTTCTCATC,2,2
AAGTACAACCAACTTCTCCAGAAAG,1,1
GGAGGAAAAGAAACTAACCAGGATT,2,1
TCAAATGAATGCCATATAATACATA,6,5
GATGCCATTCCAGCTGCCCAGTCCA,2,3
CTGTAATAATAATGTTAATTCCTAT,1,1
AGGAATCATCTGCCAGCATCTACCC,5,3
GTCCTCCACTAAAGGACTTGACAGC,2,2
CATTTCCAGTTTCAGTCAGTTCAAA,2,4
TCTGCCAGCATCTACCCAGGAAAGT,3,2
GCACAGTTTCAGAGTTAAGGAGGGG,2,3
GGTCGAATTCAAATGAATGCCATAT,6,5
CCAGGATTCCCTCAGTAACGGCGAG,2,2
TGCCTGCCTGGTGGTTGTTGCTCTG,4,4
CTGTCCAAGACCTTCTGCAGTACCT,3,4
ATCAGTCTCAGAGGATACAGTAAAT,2,2
GAAAAGACAACAATATTGAGCCAGA,2,3
TGCTGTAGCAGGGAAGCTTGCTGAG,3,2
CCACTGGTTCACACTGCTCTGCTGC,5,3
CTTGAGTAGAAAATTGGTTTCTTCG,2,3
TGGCATCTGTGGGCTGAGTCTTCAT,2,2
AGGAACAAGTAACCATGAAGTTCTT,2,2
TACTATCAGTCTCAGAGGATACAGT,2,2
GGAGGAAATCCTGAAGAAGATTATT,2,7
GAGATGGTTTGAGCCTGAGCATATG,4,3
AAGAAGCATCTTAGGGAATGTTAAT,3,3
ACAACAATATTGAGCCAGAAGAAGA,2,3
CTAAGATGCTTCTTGAAAAGACAAC,2,3
TCCACAAGATATGTCTGTCCAAGAC,3,5
GAATAAATAAAAGAATACATTTTCT,6,5
TTGGTTTCTTCGTGGTTTCCCCATC,3,5
CAGTATCCTTGGAGACAATGGGCTT,2,3
TGCTGCAGAAAGTACAGAACTTTGG,2,3
CAGGCTCAAACCATCTCTTGCAATC,2,4
TTGGGAGTAAGGTACTGCATATCCT,4,2
ATACGGCTCCACAGTCCAAAGTTGG,4,3
TCTGGTGGAGGTCCGTAGCGGTCCT,2,3
CCCTGTGGTGCCATCTCTTGGGCCT,4,2
AATAAAAGAATACATTTTCTTTTCT,6,4
ATGGATGGCATTAGGCTGGGGCCAC,3,3
CTTGCTGCAGAAAGTACAGAACTTT,2,3
AGACAGTTTAAGTACAACCAACTTC,1,1
ATCTGCCAGCATCTACCCAGGAAAG,3,2
AGTTTCAGAGTTAAGGAGGGGCATC,2,2
TTCTGTACTTTCTGCAGCAAGTAGC,3,6
CAGGATGGGCTCAGGAGCGGGTCAT,2,2
AAATAACTGCTGCTACCTAGCTATA,2,3
GGGGTTAAGAAGTTCTAGGTACTGC,4,2
GTTTCTTCGTGGTTTCCCCATCACC,3,5
AAGATTTGTACATTTCCAGTTTCAG,2,4
AATCCCCGCCGCGCGTCGCGGCGTG,2,2
GTGGCCCTTGCTCTTGCAAGAGAGA,6,2
ACAGAACTTTGGACTGAGGAAGAGA,4,2
CTAAAGGACTTGACAGCCATGAAGG,3,2
AAAATAACTGCTGCTACCTAGCTAT,2,3
CAGAGGATACAGTAAATGTAGTCTC,2,2
GTAGCGGTCCTGACGTGCAAATCGG,2,2
GATTGCAAGAGATGGTTTGAGCCTG,4,3
ATGGGTCGAATTCAAATGAATGCCA,6,5
AGAGGCCCAGGATGGGCTCAGGAGC,2,2
ACATTTCCAGTTTCAGTCAGTTCAA,2,4
TCCTACTATTAACATTCCCTAAGAT,3,4
AAGAGGTGTGCAACATTGGGAAAAG,3,2
CTGGATGTTTTGTGGGACGGGATTG,4,2
GGAAGGAAGGGTGCTACTTGCTGCA,2,3
TTCATCCTCGCCTGCCTTGTGGCCC,6,2
AGGAGTCTTCCTTTTCCCAATGTTG,2,4
AACAACCAAAGTATCTCAACCTAAA,2,2
CCAGGAGTCTTCCTTTTCCCAATGT,2,4
GCAGCAAGTAGCACCCTTCCTTCCA,3,6
TGGAACAATGTAGGTAAGGGAAGTC,1,2
AGATTTGTACATTTCCAGTTTCAGT,2,4
TGCAGTTAATACGGCTCCACAGTCC,3,3
GTGCTTGGGAAGGATGGTGGCTTTA,1,2
CCCTCAGTAACGGCGAGTGAACAGG,2,2
TCACCTGGTTTCTTCTCAGACCCAG,5,2
CTGAGGTGGTTGCAGCTGAGGTGGT,2,2
AAGGTGTAATCCTTACTGGGGTACC,2,2
ATTGGTTTCTTCGTGGTTTCCCCAT,3,5
CAGGAGCGGGTCATCTCAGCTGGAA,2,2
CAAATGAAGACATGCTCAACCAGTG,2,2
ACTGCTGCTACCTAGCTATAGGCTT,1,3
AAAGTAAGCCCAAAGGGGAAAGGCA,2,2
CTGAATTTAAGCATATTAGTCAGCG,2,1
AGAAAATTGGTTTCTTCGTGGTTTC,3,5
GACTGAGGAAGAGACAGCTGGGTCT,4,2
ATATAATACATAGAATAAATAAAAG,6,5
GATGGGCTCAGGAGCGGGTCATCTC,2,2
ATTCAAATGAATGCCATATAATACA,6,5
AAGGAGGGGCATCTGTTTGTGCTTG,1,2
CAACCAACTTCTCCAGAAAGCTTCC,1,1
TCATCTGCCAGCATCTACCCAGGAA,4,2
CCTGGGTAGATGCTGGCAGATGATT,3,2
GCAGCTGAGGTGGTGGGTCTTGTGG,3,2
AAGGACTTGACAGCCATGAAGGTCT,4,2
TGCCATATAATACATAGAATAAATA,6,5
CAGCCCACAGATGCCATTCCAGCTG,2,3
AGATGCTGGCAGATGATTCCTCACT,3,2
TTAAGAAGTTCTAGGTACTGCAGAA,4,2
AAACCTCCTGTCTTTTAACCATGTG,2,2
GCATCTGTGGGCTGAGTCTTCATTT,2,2
AAGTAAGCCCAAAGGGGAAAGGCAT,2,2
CTTCTATAGGATCATTTATTTCACT,2,2
GGGAGCAAGGAACAAGTAACCATGA,2,2
TGAAAAGACTTCAATTAAACAATGC,2,4
GGGTCCAAAGATGAACTTCAAATGA,2,2
TGCTCAGGCTCAAACCATCTCTTGC,2,3
CTTCCCAAGCACAAACAGATGCCCC,5,2
CAGTCCAAAGTTCTGTACTTTCTGC,3,5
GCCCAGCGCCGAATCCCCGCCGCGC,3,2
TCTGCTGCTGCTGGTGAAGAGGTGT,5,2
AATTCAAATGAATGCCATATAATAC,6,5
AGCTGTCTCTTCCTCAGTCCAAAGT,3,5
GGTCTTCATCCTCGCCTGCCTTGTG,5,2
TAGGCTTGAGTAGAAAATTGGTTTC,2,3
TGCTGCTGGTGAAGAGGTGTGCAAC,5,2
CATGAAGTTCTTCATCTTTGCCTGC,3,3
ACGTGCAAATCGGTCGTCCGACCTG,2,2
AAAGTTGGAACACACAACTCAATCC,5,2
TTGTACAATTTTTTCACTGACTTCC,2,2
AATAGTAGGAGGTGATGGGGAAACC,2,4
GAAAGTAAGCCCAAAGGGGAAAGGC,2,2
GCCATCTCTTGGGCCTGTCATTTCT,2,2
AATACATTTTCTTTTCTTCCATGTA,4,2
GCAGTACCTAGAACTTCTTAACCCC,2,2
GAACAGGGAAGAGCCCAGCGCCGAA,4,2
AGAGGTGTGCAACATTGGGAAAAGG,2,2
CCTTCCTTCCACAAGATATGTCTGT,3,6
GCCACCATCCTTCCCAAGCACAAAC,5,2
TCTTGCAATCCCGTCCCACAAAACA,2,4
CGGGATTGCAAGAGATGGTTTGAGC,4,3
GTGCAACATTGGGAAAAGGAAGACT,2,2
TGACAGCCATGAAGGTCTTCATCCT,4,2
CTGAGCCATGGAAGGTTGCTGAAAC,4,2
GAAACAGGGAAGCTTGCTGAAGCAG,3,1
CCTGCTACTGCTAGCCCATACATGT,2,1
ATAAATAAAAGAATACATTTTCTTT,6,5
AGACAGCTGGGTCTGAGAAGAAACC,4,2
GAAGTTCTAGGTACTGCAGAAGGTC,4,2
TACAGAACTTTGGACTGAGGAAGAG,4,2
TATATACCTGTAATAATAATGTTAA,1,1
TAACTGCTGCTACCTAGCTATAGGC,1,3
TGGAAGGTTGCTGAAACAGGGAAGC,4,1
AAAGTACAGAACTTTGGACTGAGGA,4,2
TAAAAGAATACATTTTCTTTTCTTC,5,3
ATTAACATTCCCTAAGATGCTTCTT,4,4
ATTTCCAGTTTCAGTCAGTTCAAAA,2,4
TTGGACTGAGGAAGAGACAGCTGGG,4,2
TCAAATGAAGACTCAGCCCACAGAT,2,3
GAGAGTTTATGAGGCGGAGCACAGT,2,3
TTTGTGCTTGGGAAGGATGGTGGCT,1,2
CTGCTGCTACCTAGCTATAGGCTTG,1,3
CCCTCCTTAACTCTGAAACTGTGCT,5,2
AATGAAGACTCAGCCCACAGATGCC,2,3
GATGCTGGCAGATGATTCCTCACTG,3,2
GCCTGCAAACCTCCTGTCTTTTAAC,2,2
GCTCAACCAGTGCACCCTGGAACAG,2,2
ATTTTTGTAGCATGATCCAAAGGTG,3,1
TCAGTATCCTTGGAGACAATGGGCT,2,3
CTTCAAATGAAGACTCAGCCCACAG,2,3
TGAAGAGGTGTGCAACATTGGGAAA,5,2
CGGCTCCACAGTCCAAAGTTGGAAC,4,3
AAGTAGTACTGAAAAGACTTCAATT,2,4
ACAAGATATGTCTGTCCAAGACCTT,3,4
TATAGAGTCCATGGGTCGAATTCAA,3,5
AAGATGCTTCTTGAAAAGACAACAA,2,3
AGCTCTTCATCCCCAGATACCTGTG,2,3
CCCACTCTCTCTTCTTCTGGCTCAA,5,2
TACCTAGCTATAGGCTTGAGTAGAA,2,3
GCCTGGGTCCAAAGATGAACTTCAA,2,2
CCTTCCCAAGCACAAACAGATGCCC,5,2
TTAATATCTCACCACACATTGGTTT,1,4
TAGCAGGGAAGCTTGCTGAGCCATG,3,2
TGAAAAGACAACAATATTGAGCCAG,2,3
CTGAAACTGTGCTCCGCCTCATAAA,4,2
TTTCTTCTCAGACCCAGCTGTCTCT,5,3
AGAGTTAAGGAGGGGCATCTGTTTG,1,2
GTGAGTCTGAGGAAAAGCCTGAACA,3,2
ATCACCTCCTACTATTAACATTCCC,3,4
CCAGGAAAGTCTAAGCTGGACAATA,3,2
TCCCTCAGTAACGGCGAGTGAACAG,2,2
AAGAATACATTTTCTTTTCTTCCAT,5,2
TTTTAAACAACCAAAGTATCTCAAC,2,2
AACATTCCCTAAGATGCTTCTTGAA,4,4
CTACTAAGATTCCTAAAATAACTGC,1,3
AGGCCTGGGGCTGTGACTGGATGCT,3,2
ATGGAAGGTTGCTGAAACAGGGAAG,4,1
CTAATGCCATCCATAACACGCCCAC,3,3
CTAAGAGGATTTCCAGGTTATTTTC,3,2
GCGGAGGAAAAGAAACTAACCAGGA,2,1
CACCTCCTACTATTAACATTCCCTA,4,4
ACCACGAAGAAACCAATTTTCTACT,2,2
CTGGTGGTTGTTGCTCTGGCAAAGC,4,4
AAGGATAAGTCCTCCAGTGAGGAAT,4,3
CTTAGACTTTCCTGGGTAGATGCTG,3,3
ACGGAAGACCCACTCCCCGGCGCCG,2,1
TGGCGTACGGAAGACCCACTCCCCG,2,1
TGGGGCCACTGGTTCACACTGCTCT,5,3
CACACTGCTCTGCTGCTGCTGGTGA,5,3
ATCCCCAGATACCTGTGAGCTACTG,3,2
GTCCTTTTGGTGTGTGGATTAGCAT,2,1
AGTGAACAGGGAAGAGCCCAGCGCC,5,3
CCATCTCTTGCAATCCCGTCCCACA,2,4
GATTATTGATATGATCAAGTACATC,1,9
TCCATGGGTCGAATTCAAATGAATG,5,5
CACAGTCCAAAGTTGGAACACACAA,5,3
AATGAAGACATGCTCAACCAGTGCA,2,2
ATAACTGCTGCTACCTAGCTATAGG,1,3
TCATCTTTGCCTGCCTGGTGGTTGT,4,4
AACCATGAAGTTCTTCATCTTTGCC,3,3
CCCTGGAACAGCTTCAGAGACAGTT,1,1
CCTCTGAGGTGGTTGCAGCTGAGGT,2,2
GAAAATTGGTTTCTTCGTGGTTTCC,3,5
TTAAACAACCAAAGTATCTCAACCT,2,2
TCTGTACTTTCTGCAGCAAGTAGCA,3,6
GGGTCTGAGAAGAAACCAGGTGAGT,4,3
ACTGGTGTAGCTGGTGGGAGTGGAC,2,3
GCCTAATGCCATCCATAACACGCCC,3,3
TAACCATGAAGTTCTTCATCTTTGC,3,3
ATGAGGCGGAGCACAGTTTCAGAGT,2,3
GCGGAGCACAGTTTCAGAGTTAAGG,2,3
TACTGCATATCCTGTGGAAAGTAAG,3,1
ACGAAGAAACCAATTTTCTACTCAA,2,3
GGAAAAGCCTGAACAACCTGTGCCA,3,2
TAAGATTCCTAAAATAACTGCTGCT,1,3
ATCAGCACCTCTGTGGAGGAAATCC,2,7
ATTGCAAATGAAGACATGCTCAACC,2,2
AGGCTGGGGCCACTGGTTCACACTG,3,3
AAGGTACTGCATATCCTGTGGAAAG,3,1
ACCTCCTGTCTTTTAACCATGTGGA,2,2
TCTCACCACACATTGGTTTTTTCAG,1,4
AAAAGACTTCAATTAAACAATGCAG,2,4
ATGGGCTCAGGAGCGGGTCATCTCA,2,2
ATTCCCTCAGTAACGGCGAGTGAAC,2,2
TTCTATAGGATCATTTATTTCACTA,2,2
GAAAAGATTTGTACATTTCCAGTTT,3,4
TTCTGGCTCAATATTGTTGTCTTTT,2,3
AACATCCAGCCTATTGCTCAACCCC,3,3
TGGGAGTGGACTGGGCAGCTGGAAT,2,3
GGGAAGCTTGCTGAGCCATGGAAGG,4,2
ACAATATTGAGCCAGAAGAAGAGAG,3,3
CAGACCCAGCTGTCTCTTCCTCAGT,3,3
TTTAAGTACAACCAACTTCTCCAGA,1,1
CCATTCCAGCTGCCCAGTCCACTCC,2,3
GGTACTGCAGAAGGTCTTGGACAGA,3,2
CATCAGCACCTCTGTGGAGGAAATC,2,7
TGTTGTCTTTTCAAGAAGCATCTTA,4,3
GCCCCTCCTTAACTCTGAAACTGTG,6,2
GCAGCAGGTCTCCAAGGTGAACAGC,1,2
GCGGCGTGGGAAATGTGGCGTACGG,1,1
AAGCATCTTAGGGAATGTTAATAGT,3,3
AATTTAAGCATATTAGTCAGCGGAG,2,1
AGCGCCGAATCCCCGCCGCGCGTCG,3,2
ATATACCTGTAATAATAATGTTAAT,1,1
GGAGCGGGTCATCTCAGCTGGAAGA,2,2
CAGCTGGAATGGCATCTGTGGGCTG,2,3
TATAATACATAGAATAAATAAAAGA,6,5
TGTCTCTTCCTCAGTCCAAAGTTCT,3,5
CACCGTCCAATTCCCTGCCACTCCA,4,2
GTAGTACTGAAAAGACTTCAATTAA,2,4
CAAGTAACCATGAAGTTCTTCATCT,3,3
GCCTGCTACTGCTAGCCCATACATG,2,1
CTGCATATCCTGTGGAAAGTAAGCC,2,1
TTAACCCCACCGTCCAATTCCCTGC,4,2
AGAGCCCAGCGCCGAATCCCCGCCG,3,2
AAGACAACAATATTGAGCCAGAAGA,2,3
GTGTTAAGGACAGCTTTGGGAGTAA,4,2
GGTGAACAGCCTCTGGCATGTTGGA,1,2
AAGGTCTTGGACAGACATATCTTGT,3,3
AGCCAGAGAATCAAGAGGCCCAGGA,2,2
GAAAAACATTGCAAATGAAGACATG,2,2
CATATAGAGTCCATGGGTCGAATTC,3,5
TCATTGATATGTTCAACAGATTCCT,1,3
TTAAGGACAGCTTTGGGAGTAAGGT,4,2
TTGAGCCTGAGCATATGGAAAGGCC,3,3
GAGGAAATCCTGAAGAAGATTATTG,2,7
TCCCAATGTTGCACACCTCTTCACC,2,3
ATGGTGGCTTTAGCTTTAAGGAAGG,1,2
CTGCAGTACCTAGAACTTCTTAACC,3,3
AAATGAAGACATGCTCAACCAGTGC,2,2
TACCTAGAACTTCTTAACCCCACCG,2,2
AGGAAAAGAAACTAACCAGGATTCC,2,1
GGTAAAGTTTGATCAAGAAAATAAT,1,1
AGGATGGGCTCAGGAGCGGGTCATC,2,2
TAGAAAATTGGTTTCTTCGTGGTTT,2,3
TTGCTGTAGCAGGGAAGCTTGCTGA,3,2
AGAGGATTTCCAGGTTATTTTCTCC,4,2
GCTTCTTGAAAAGACAACAATATTG,2,3
AATATAACTGAGAAGCATATAGAGT,3,4
TTTGCCTGCCTGGTGGTTGTTGCTC,4,4
CTTTGGACTGAGGAAGAGACAGCTG,4,2
AACCATGTGGAAGATGGATCTTTAT,2,2
TGGGTAGATGCTGGCAGATGATTCC,4,2
TCCTGTAATATAACTGAGAAGCATA,1,3
GAGGTCCGTAGCGGTCCTGACGTGC,2,3
TGCAATCCCGTCCCACAAAACATCC,2,4
ATTGTACAATTTTTTCACTGACTTC,2,2
CTGTGGAAAGTAAGCCCAAAGGGGA,2,2
AAAGGATAAGTCCTCCAGTGAGGAA,4,3
ATTTTCCTCTGAGGTGGTTGCAGCT,2,2
AGCGGAGGAAAAGAAACTAACCAGG,2,1
TGCCTGGTGGTTGTTGCTCTGGCAA,4,4
ACGAGATTCTACTAAGATTCCTAAA,3,2
CTCTCCTGCCTGGGTCCAAAGATGA,2,2
CCTGCCTGGGTCCAAAGATGAACTT,2,2
GCAAAGCACGAAATAAAGGATAAGT,3,5
CAAGGTGAACAGCCTCTGGCATGTT,1,2
CTTTCTGCAGCAAGTAGCACCCTTC,3,6
AGCAAGGAACAAGTAACCATGAAGT,2,2
CTCCTACTATTAACATTCCCTAAGA,3,4
TCTGAGGTGGTTGCAGCTGAGGTGG,2,2
ACCTTCTGCAGTACCTAGAACTTCT,2,2
CTCTTGCTCTCCTGCCTGGGTCCAA,3,2
CTGTGGAGGAAATCCTGAAGAAGAT,2,7
CAGAACTTTGGACTGAGGAAGAGAC,4,2
TCCTCGCCTGCCTTGTGGCCCTTGC,6,3
CCGAATCCCCGCCGCGCGTCGCGGC,3,2
CAGATGATTCCTCACTGGAGGACTT,3,2
AGGTCTTCATCCTCGCCTGCCTTGT,5,2
TGATTCCTCACTGGAGGACTTATCC,3,2
GTTAAGGAGGGGCATCTGTTTGTGC,1,2
GCTATTGTCCAGCTTAGACTTTCCT,2,3
TCAGCGGAGGAAAAGAAACTAACCA,2,1
CTCCAGTGAGGAATCATCTGCCAGC,3,2
TACGGCTCCACAGTCCAAAGTTGGA,4,3
ATGTTGGAACAATGTAGGTAAGGGA,1,2
CACCACACATTGGTTTTTTCAGTAT,2,4
GGATCATTTATTTCACTAACAGCTG,2,2
TTTTGTAGCATGATCCAAAGGTGAA,3,1
CACAACATTCCGTTTCTGTCTAAGA,4,2
AGGCTTGAGTAGAAAATTGGTTTCT,2,3
CTGTACTTTCTGCAGCAAGTAGCAC,3,6
GTTTCTGTCTAAGAGGATTTCCAGG,3,2
TCTCATCATGATCTTTATAATTTGA,1,2
GAAGTTTCTCATTGATATGTTCAAC,1,2
GACTTGACAGCCATGAAGGTCTTCA,4,2
CCCAGCCTAATGCCATCCATAACAC,3,2
AGGATCATTTATTTCACTAACAGCT,2,2
AAACGGAATGTTGTGGAGTGGCAGG,2,2
GCCGAATCCCCGCCGCGCGTCGCGG,3,2
ACAAAACATCCAGCCTATTGCTCAA,3,3
GATGATTCCTCACTGGAGGACTTAT,3,2
CAACCAGTGCACCCTGGAACAGCTT,2,1
AAAGCACGAAATAAAGGATAAGTCC,3,5
GAGGAAAAGAAACTAACCAGGATTC,2,1
AGCTGGAATGGCATCTGTGGGCTGA,2,3
AGTCTTCCTTTTCCCAATGTTGCAC,2,4
TCCAAGACCTTCTGCAGTACCTAGA,3,2
CCCAATGTTGCACACCTCTTCACCA,2,3
AACTTTGGACTGAGGAAGAGACAGC,4,2
ATCCTTGGAGACAATGGGCTTGAAG,2,2
AGCAGGGAAGCTTGCTGAGCCATGG,3,2
TTCAGATTGTACAATTTTTTCACTG,2,2
CAAGCAATTTTCCCAGGAGTCTTCC,2,5
CCCATCACCTCCTACTATTAACATT,3,3
TACTCCGCTCCTAAGTATTTTTCAG,1,1
GTTGCTGTAGCAGGGAAGCTTGCTG,3,2
CAAGGAACAAGTAACCATGAAGTTC,2,2
GGACTGAGGAAGAGACAGCTGGGTC,4,2
AGCACAAACAGATGCCCCTCCTTAA,6,2
CCATATGCTCAGGCTCAAACCATCT,2,2
TGAGAAGAAACCAGGTGAGTCTGAG,3,3
TTTATTTCACTAACAGCTGTTCTCA,2,2
GCCCTTGCTCTTGCAAGAGAGACTA,6,2
GGCTTGAGTAGAAAATTGGTTTCTT,2,3
AAAGATTTGTACATTTCCAGTTTCA,3,4
CGAAGAAACCAATTTTCTACTCAAG,2,3
ATCCTCGCCTGCCTTGTGGCCCTTG,6,2
CATTCCCTAAGATGCTTCTTGAAAA,4,4
TCTTTTTCCTACAGTCACATAAGTC,1,1
ACATAGAATAAATAAAAGAATACAT,6,5
AAGCAGGGAAGGTTGCTGAAACAGG,3,1
ATGATTCCTCACTGGAGGACTTATC,3,2
ATAGAGTCCATGGGTCGAATTCAAA,3,5
ACCCTGGAACAGCTTCAGAGACAGT,1,1
ATCCATCAGCACCTCTGTGGAGGAA,2,7
AGTAGGAGGTGATGGGGAAACCACG,2,4
TCCTTCCACAAGATATGTCTGTCCA,3,6
TTGCTCTCCTGCCTGGGTCCAAAGA,2,2
AAAAGAATACATTTTCTTTTCTTCC,5,3
CTATTGCTCAACCCCCTGTGGTGCC,3,3
TTTAAACAACCAAAGTATCTCAACC,2,2
AGGAAAGTCTAAGCTGGACAATAGC,3,2
CAGGAAAGTCTAAGCTGGACAATAG,3,2
GTAATATAACTGAGAAGCATATAGA,2,4
ATAATGTTAATTCCTATAAGAATAA,1,1
AAATAAAGGATAAGTCCTCCAGTGA,4,5
TTTAGCCTGGAGCACATCCTCTGCC,2,2
GCACACCTCTTCACCAGCAGCAGCA,2,2
CTCTCTTCTTCTGGCTCAATATTGT,4,3
ATATGTTCAACAGATTCCTCACTGG,1,3
CTGGAATGGCATCTGTGGGCTGAGT,2,2
ACTGGAGGACTTATCCTTTATTTCG,3,2
AATGGCATCTGTGGGCTGAGTCTTC,2,2
TATAGGCTTGAGTAGAAAATTGGTT,2,3
CACCCAGGAATCCATCAGCACCTCT,2,6
GTTTTTTCAGTATCCTTGGAGACAA,2,3
ACAGGGAAGAGCCCAGCGCCGAATC,4,2
TACATTTCCAGTTTCAGTCAGTTCA,2,4
ATCCTTTATTTCGTGCTTTGCCAGA,2,2
AAAAAATTCAAGCAATTTTCCCAGG,2,5
GCAAGAGATGGTTTGAGCCTGAGCA,4,3
CTGCCAGCATCTACCCAGGAAAGTC,3,2
TCCAAAGTTGGAACACACAACTCAA,5,2
GCCCACAGATGCCATTCCAGCTGCC,2,3
TTGTACATTTCCAGTTTCAGTCAGT,2,4
AACCAATTTTCTACTCAAGCCTATA,2,3
TCTGAAACTGTGCTCCGCCTCATAA,4,2
GGCAGCTGGAATGGCATCTGTGGGC,2,3
ATCTCTTGCAATCCCGTCCCACAAA,2,4
CCAAAGATGAACTTCAAATGAAGAC,2,2
AAATGTGGCGTACGGAAGACCCACT,2,1
CTCCTGCCTGGGTCCAAAGATGAAC,2,2
TTCAAATGAAGACTCAGCCCACAGA,2,3
GCTCAAACCATCTCTTGCAATCCCG,2,4
ATGCTCAACCAGTGCACCCTGGAAC,2,2
CCACAGTCCAAAGTTGGAACACACA,5,3
TCAGTCTCAGAGGATACAGTAAATG,2,2
AGTACTGAAAAGACTTCAATTAAAC,2,4
CATCCATAACACGCCCACCCAGGAA,2,3
TGCTTGGGAAGGATGGTGGCTTTAG,1,2
TTTCTCATTGATATGTTCAACAGAT,1,2
CGAATCCCCGCCGCGCGTCGCGGCG,3,2
TTCTCAGACCCAGCTGTCTCTTCCT,4,3
AGCTATAGGCTTGAGTAGAAAATTG,2,3
ATATGGAAAGGCCTGGGGCTGTGAC,3,2
CAGATTGTACAATTTTTTCACTGAC,2,2
CTCTTCTTCTGGCTCAATATTGTTG,4,3
AGGTGATGGGGAAACCACGAAGAAA,2,4
CACGCCCACCCAGGAATCCATCAGC,2,4
GAAACCAGGTGAGTCTGAGGAAAAG,3,3
AGCTTAGACTTTCCTGGGTAGATGC,2,3
CATAGAATAAATAAAAGAATACATT,6,5
GAACTTTAGCCTGGAGCACATCCTC,2,2
ACATTGCAAATGAAGACATGCTCAA,2,2
GCATGATCCAAAGGTGAAAAGATTT,3,2
CCTCCTACTATTAACATTCCCTAAG,3,4
TAACAGCTGTTCTCATCATGATCTT,2,2
GCTTAGACTTTCCTGGGTAGATGCT,2,3
CCCACAGATGCCATTCCAGCTGCCC,2,3
AGTTAATACGGCTCCACAGTCCAAA,3,3
GTAGATGCTGGCAGATGATTCCTCA,3,2
CTGGCAAAGCACGAAATAAAGGATA,4,5
TGTGGCGTACGGAAGACCCACTCCC,2,1
AATACATAGAATAAATAAAAGAATA,6,5
AAAGGGGAAAGGCATCATACTGGAA,2,2
TGAGGAAAAGCCTGAACAACCTGTG,3,2
TTGGGAAGGTGTAATCCTTACTGGG,2,2
GAAGAGACAGCTGGGTCTGAGAAGA,4,1
AGGAGGTGATGGGGAAACCACGAAG,2,4
AAAAGAAACTAACCAGGATTCCCTC,2,1
ACTAAAGGACTTGACAGCCATGAAG,3,2
CTCTTCCTCAGTCCAAAGTTCTGTA,3,4
CCTGCCTTGTGGCCCTTGCTCTTGC,6,3
TAGCACCCTTCCTTCCACAAGATAT,3,6
TAAGGGAAGTCGGCAAGCCGGATCC,1,1
CCAGCTGTCTCTTCCTCAGTCCAAA,3,4
TCCTCAGACTCACCTGGTTTCTTCT,5,2
ACAACCAACTTCTCCAGAAAGCTTC,1,1
AACCCCACCGTCCAATTCCCTGCCA,4,2
ATGTACTCCGCTCCTAAGTATTTTT,1,1
ACCAATGGCATTAGCAGTCCGGCTT,1,2
AAAGTTCTGTACTTTCTGCAGCAAG,3,6
TTAATAGTAGGAGGTGATGGGGAAA,2,4
AGAACTTCTTAACCCCACCGTCCAA,2,2
CAGCCTCTGGCATGTTGGAACAATG,1,2
GAACTTTGGACTGAGGAAGAGACAG,4,2
AATCCATCAGCACCTCTGTGGAGGA,2,6
CACCATCCTTCCCAAGCACAAACAG,5,2
TTTTCCTCTGAGGTGGTTGCAGCTG,2,2
ATAAAAGAATACATTTTCTTTTCTT,5,3
AAGCTCTTCATCCCCAGATACCTGT,2,3
TTTCAGAGTTAAGGAGGGGCATCTG,2,2
AGAAACCAATTTTCTACTCAAGCCT,2,3
TCTTGAAAAGACAACAATATTGAGC,2,3
CGAGTGAACAGGGAAGAGCCCAGCG,5,3
TGTGCTTGGGAAGGATGGTGGCTTT,1,2
ATTTCACTAACAGCTGTTCTCATCA,2,2
CCTCGCCTGCCTTGTGGCCCTTGCT,6,3
TGGAAAGGCCTGGGGCTGTGACTGG,3,2
TTAACATTCCCTAAGATGCTTCTTG,4,4
GCTGGGTCTGAGAAGAAACCAGGTG,4,2
TTTCCCAGGAGTCTTCCTTTTCCCA,2,4
AGATTGTACAATTTTTTCACTGACT,2,2
CCAGCGCCGAATCCCCGCCGCGCGT,3,2
TCACTGGAGGACTTATCCTTTATTT,3,2
AGCATATGGAAAGGCCTGGGGCTGT,3,3
AACCATCTCTTGCAATCCCGTCCCA,2,4
CTCAGAAGTAGTACTGAAAAGACTT,2,4
AGCATCTTAGGGAATGTTAATAGTA,3,3
TGAGAAGCATATAGAGTCCATGGGT,3,5
AGACTCAGCCCACAGATGCCATTCC,2,3
ACTAACAGCTGTTCTCATCATGATC,2,2
TCAGGCTCAAACCATCTCTTGCAAT,2,3
GGCGTACGGAAGACCCACTCCCCGG,2,1
AGCCCAAAGGGGAAAGGCATCATAC,2,2
TGGTGTGTGGATTAGCATTATTTGT,2,2
TTGCTGAGCCATGGAAGGTTGCTGA,4,2
ATGATCCAAAGGTGAAAAGATTTGT,3,3
CCAACTTCTCCAGAAAGCTTCCCTG,1,1
GAAGATTATTGATATGATCAAGTAC,1,10
ATAACACGCCCACCCAGGAATCCAT,2,3
TGCTCAACCCCCTGTGGTGCCATCT,3,3
CTCAGGAGCGGGTCATCTCAGCTGG,2,2
GAGAATCAAGAGGCCCAGGATGGGC,3,2
AGAGAATCAAGAGGCCCAGGATGGG,3,2
CTCTGGCAAAGCACGAAATAAAGGA,4,5
CAAACCATCTCTTGCAATCCCGTCC,2,4
TTTGGACTGAGGAAGAGACAGCTGG,4,2
AGGGAAGCTTGCTGAAGCAGGGAAG,3,1
TTGGTGTGTGGATTAGCATTATTTG,2,2
TAGCATGATCCAAAGGTGAAAAGAT,3,1
TCTCTTCCTCAGTCCAAAGTTCTGT,3,4
CGAAACATTTGGTGTCATCCCTGAA,1,1
TCACATCAAATGTTATAACTGTGGA,2,3
AGCCATGAAGGTCTTCATCCTCGCC,4,2
TCCAGCTTAGACTTTCCTGGGTAGA,2,4
AGATGCTTCTTGAAAAGACAACAAT,2,3
AAAGCCTGAACAACCTGTGCCAGGA,2,2
TCCCAAGCACAAACAGATGCCCCTC,5,2
AAGGAAGGGTGCTACTTGCTGCAGA,2,3
AGGATTCCCTCAGTAACGGCGAGTG,2,2
ATATCTTGTGGAAGGAAGGGTGCTA,2,3
CCAGCCTAATGCCATCCATAACACG,3,2
CTTTCCTGGGTAGATGCTGGCAGAT,3,2
TTGAGTATATACCTGTAATAATAAT,1,2
TCCTCCACTAAAGGACTTGACAGCC,2,2
AAAGAGAAGGCAGCCCGGGTTAAGG,2,2
GAAGAAACCAGGTGAGTCTGAGGAA,3,3
CTTGCTCTCCTGCCTGGGTCCAAAG,2,2
TATTCAACCAATGGCATTAGCAGTC,1,2
ATACCTGTAATAATAATGTTAATTC,1,1
CTCCAAGGTGAACAGCCTCTGGCAT,1,2
GACTCACCTGGTTTCTTCTCAGACC,5,2
CCTGACGTGCAAATCGGTCGTCCGA,2,2
AGGCTCAAACCATCTCTTGCAATCC,2,4
TGCAGAAGGTCTTGGACAGACATAT,3,3
GAATGCCATATAATACATAGAATAA,6,5
AATTTTCCCAGGAGTCTTCCTTTTC,2,4
CCAGCATCTACCCAGGAAAGTCTAA,3,2
CTGTAATATAACTGAGAAGCATATA,2,4
CAGATGCCCCTCCTTAACTCTGAAA,6,2
AGCTTTGGGAGTAAGGTACTGCATA,4,2
GGATGTTTTGTGGGACGGGATTGCA,4,3
CTTCGTGGTTTCCCCATCACCTCCT,3,5
GTCTGTCCAAGACCTTCTGCAGTAC,3,4
AAGATGAACTTCAAATGAAGACTCA,2,2
CAGAAGTAGTACTGAAAAGACTTCA,2,4
TTCTGCAGTACCTAGAACTTCTTAA,3,3
ATGTGGCGTACGGAAGACCCACTCC,2,1
TGGTTGTTGCTCTGGCAAAGCACGA,4,4
CTGCTGGTGAAGAGGTGTGCAACAT,5,2
ATAAGAATAATGGTAAAGTTTGATC,1,1
GATTGTACAATTTTTTCACTGACTT,2,2
CCATCTCTTGGGCCTGTCATTTCTC,2,2
AAACCAGGTGAGTCTGAGGAAAAGC,3,3
TCTGAGGAAAAGCCTGAACAACCTG,3,2
AAGGTGAACAGCCTCTGGCATGTTG,1,2
TTGCAATCCCGTCCCACAAAACATC,2,4
CAGGTTATTTTCTCCTCCTTATGTT,3,2
CTCAACCAGTGCACCCTGGAACAGC,2,2
AGCCCACAGATGCCATTCCAGCTGC,2,3
CCTGTGGAAAGTAAGCCCAAAGGGG,2,2
AGTACCTAGAACTTCTTAACCCCAC,2,2
GAAAGGCCTGGGGCTGTGACTGGAT,3,2
AAGATTCCTAAAATAACTGCTGCTA,2,3
CAGACATATCTTGTGGAAGGAAGGG,1,3
CTAAGATTCCTAAAATAACTGCTGC,1,3
TAATAATAATGTTAATTCCTATAAG,1,1
ATGAATGCCATATAATACATAGAAT,6,5
TTTCCCAATGTTGCACACCTCTTCA,2,3
TAGGAGGTGATGGGGAAACCACGAA,2,4
TCCATATGCTCAGGCTCAAACCATC,2,2
AAGTCGGCAAGCCGGATCCGTAACT,1,1
ACATATCTTGTGGAAGGAAGGGTGC,1,3
TTTGGGAGTAAGGTACTGCATATCC,4,2
AGAATAATGGTAAAGTTTGATCAAG,1,1
AAATTCAAGCAATTTTCCCAGGAGT,2,5
AACTGAGAAGCATATAGAGTCCATG,3,5
AAGGTGAAAAGATTTGTACATTTCC,3,4
CATATCCTGTGGAAAGTAAGCCCAA,2,2
TCAACCCCCTGTGGTGCCATCTCTT,4,3
CTTCTCAGACCCAGCTGTCTCTTCC,4,3
CAGCAGGTCTCCAAGGTGAACAGCC,1,2
CATCTTTGCCTGCCTGGTGGTTGTT,4,4
GACAGACATATCTTGTGGAAGGAAG,1,3
TGTTGCACACCTCTTCACCAGCAGC,2,3
ACAAGTAACCATGAAGTTCTTCATC,3,3
ACTTGACAGCCATGAAGGTCTTCAT,4,2
GGAGCACAGTTTCAGAGTTAAGGAG,2,3
TGGGCAGCTGGAATGGCATCTGTGG,2,3
CCGTAGCGGTCCTGACGTGCAAATC,2,2
AGTTTCTCATTGATATGTTCAACAG,1,2
TTCTGCAGCAAGTAGCACCCTTCCT,3,6
ACTAAGATTCCTAAAATAACTGCTG,1,3
CATCTCAGCTGGAAGAGACCACAAG,2,2
CCATGAAGTTCTTCATCTTTGCCTG,3,3
TCTACTAAGATTCCTAAAATAACTG,2,3
CCGTTTCTGTCTAAGAGGATTTCCA,4,2
CAGTTTAAGTACAACCAACTTCTCC,1,1
AAAATTCAAGCAATTTTCCCAGGAG,2,5
GTTGCAGCTGAGGTGGTGGGTCTTG,3,2
GAATAATGGTAAAGTTTGATCAAGA,1,1
TCATCTCAGCTGGAAGAGACCACAA,2,2
ATTTAAGCATATTAGTCAGCGGAGG,2,1
TTCAAGCAATTTTCCCAGGAGTCTT,2,5
ACAACATTCCGTTTCTGTCTAAGAG,4,2
TTGCAGCTGAGGTGGTGGGTCTTGT,3,2
CCAAGCACAAACAGATGCCCCTCCT,6,2
GCAGGTCTCCAAGGTGAACAGCCTC,1,2
ATGGTAAAGTTTGATCAAGAAAATA,1,1
TGGAACAGCTTCAGAGACAGTTTAA,1,1
GCTGAAACAGGGAAGCTTGCTGAAG,3,1
CTGCCTGGGTCCAAAGATGAACTTC,2,2
GTCCTCCAGTGAGGAATCATCTGCC,3,2
TTCCTGGGTAGATGCTGGCAGATGA,3,2
TTAAGCATATTAGTCAGCGGAGGAA,2,1
GCTCAACCCCCTGTGGTGCCATCTC,4,3
TAAGAATAATGGTAAAGTTTGATCA,1,1
TGAGTCTGAGGAAAAGCCTGAACAA,3,2
CCTGGGTCCAAAGATGAACTTCAAA,2,2
CAAAGTTGGAACACACAACTCAATC,5,2
CAATCCCGTCCCACAAAACATCCAG,2,4
ACCCAGGAATCCATCAGCACCTCTG,2,6
CTGGTTCACACTGCTCTGCTGCTGC,5,3
GAACTTCAAATGAAGACTCAGCCCA,2,2
TCTCCTGCCTGGGTCCAAAGATGAA,2,2
TGCCTTGTGGCCCTTGCTCTTGCAA,6,2
ATCTTAGGGAATGTTAATAGTAGGA,3,3
CTTAATATCTCACCACACATTGGTT,1,3
AAATGAATGCCATATAATACATAGA,6,5
CAATTTTCCCAGGAGTCTTCCTTTT,2,4
CTTTTCAAGAAGCATCTTAGGGAAT,3,3
AATTAGCCTATTTATTCAACCAATG,1,2
CCACACATTGGTTTTTTCAGTATCC,2,4
TCCTTTATTTCGTGCTTTGCCAGAG,2,2
GGATGGCATTAGGCTGGGGCCACTG,3,3
TCCTGACGTGCAAATCGGTCGTCCG,2,2
CTAACCAGGATTCCCTCAGTAACGG,2,2
TCAGAAGTAGTACTGAAAAGACTTC,2,4
TATTGTCCAGCTTAGACTTTCCTGG,2,4
CCACAACATTCCGTTTCTGTCTAAG,4,2
CCAGGATGGGCTCAGGAGCGGGTCA,2,2
CCAGTGCACCCTGGAACAGCTTCAG,2,1
ATTCCTCACTGGAGGACTTATCCTT,3,2
AAGCACAAACAGATGCCCCTCCTTA,6,2
GTGAAAAGATTTGTACATTTCCAGT,3,4
TATATTGAGTATATACCTGTAATAA,1,2
ATTTCCAGGTTATTTTCTCCTCCTT,3,2
AAGTTTCTCATTGATATGTTCAACA,1,2
CGGAGGAAAAGAAACTAACCAGGAT,2,1
GTTGCACACCTCTTCACCAGCAGCA,2,3
GTGGTTGTTGCTCTGGCAAAGCACG,4,4
AACCCCCTGTGGTGCCATCTCTTGG,4,3
AGATTATTGATATGATCAAGTACAT,1,9
GCCTGCCTGGTGGTTGTTGCTCTGG,4,4
TGGGTCCAAAGATGAACTTCAAATG,2,2
TCTTCATCCTCGCCTGCCTTGTGGC,6,2
GCAGATGATTCCTCACTGGAGGACT,3,2
CTCTGGCATGTTGGAACAATGTAGG,1,2
GTGGAGGTCCGTAGCGGTCCTGACG,2,3
ACATCCAGCCTATTGCTCAACCCCC,3,3
TGTGGAAAGTAAGCCCAAAGGGGAA,2,2
CCAGGTTATTTTCTCCTCCTTATGT,3,2
TGGTTTGAGCCTGAGCATATGGAAA,4,3
ACTATCAGTCTCAGAGGATACAGTA,2,2
CCACCGTCCAATTCCCTGCCACTCC,4,2
GGGAAGGTTGCTGAAACAGGGAAGC,5,1
CTTGCTGAGCCATGGAAGGTTGCTG,4,2
GGCGAGTGAACAGGGAAGAGCCCAG,3,3
AGCTGGGTCTGAGAAGAAACCAGGT,4,2
AAGAAGTTCTAGGTACTGCAGAAGG,4,2
CATATTAGTCAGCGGAGGAAAAGAA,2,1
TGAAGGTCTTCATCCTCGCCTGCCT,5,2
GTAACCATGAAGTTCTTCATCTTTG,3,3
GAGTGGACTGGGCAGCTGGAATGGC,2,3
TTTCACTAACAGCTGTTCTCATCAT,2,2
AGTTCTAGGTACTGCAGAAGGTCTT,3,2
CAGTGAGGAATCATCTGCCAGCATC,3,3
GTCCATGGGTCGAATTCAAATGAAT,5,5
AGGTACTGCAGAAGGTCTTGGACAG,3,2
TGGAGGAAATCCTGAAGAAGATTAT,2,7
GGGAGTAAGGTACTGCATATCCTGT,4,1
ATTTGAGAGTTTATGAGGCGGAGCA,2,3
TGGTTCACACTGCTCTGCTGCTGCT,5,3
ACATTCCGTTTCTGTCTAAGAGGAT,4,2
ACTTCAATTAAACAATGCAGTTAAT,2,4
ATCTCAGCTGGAAGAGACCACAAGA,2,2
GCCATGAAGGTCTTCATCCTCGCCT,4,2
GCATATAGAGTCCATGGGTCGAATT,3,5
CTCAACCCCCTGTGGTGCCATCTCT,4,3
AAGCATATAGAGTCCATGGGTCGAA,3,5
TGGGCTCAGGAGCGGGTCATCTCAG,2,2
AAAATTGTACAATCTGAAGAACAAA,2,2
AACAGATGCCCCTCCTTAACTCTGA,6,2
CTCTGAGGTGGTTGCAGCTGAGGTG,2,2
CTTCCTTTTCCCAATGTTGCACACC,3,3
CCTGTAATATAACTGAGAAGCATAT,1,3
CCTCAGACTCACCTGGTTTCTTCTC,5,2
AAGACTTCAATTAAACAATGCAGTT,2,4
AGCCCAGCGCCGAATCCCCGCCGCG,3,2
CTTCTGGCTCAATATTGTTGTCTTT,2,3
AGGTGTAATCCTTACTGGGGTACCA,2,2
TTGTGGGACGGGATTGCAAGAGATG,4,3
CACCTGGTTTCTTCTCAGACCCAGC,5,2
AGGACAGCTTTGGGAGTAAGGTACT,4,2
ATATGCTCAGGCTCAAACCATCTCT,2,2
TTATGTATATTGAGTATATACCTGT,1,2
AAGAGATGGTTTGAGCCTGAGCATA,4,3
GTTTCTCATTGATATGTTCAACAGA,1,2
GTAGAAAATTGGTTTCTTCGTGGTT,2,3
GAAACTAACCAGGATTCCCTCAGTA,2,2
ACACGCTATTGTCCAGCTTAGACTT,2,2
TTCCCAGGAGTCTTCCTTTTCCCAA,2,4
ACAGATGCCCCTCCTTAACTCTGAA,6,2
AAGTTTGATCAAGAAAATAATGATA,1,1
TCCTATAAGAATAATGGTAAAGTTT,1,1
GTTAAGAAGTTCTAGGTACTGCAGA,4,2
CCACAAGATATGTCTGTCCAAGACC,3,4
TCAATTAAACAATGCAGTTAATACG,2,4
TTCCTAAAATAACTGCTGCTACCTA,2,3
ACAGTTTCAGAGTTAAGGAGGGGCA,2,2
CTTGCTCTTGCAAGAGAGACTACAT,6,2
CCCAAGCACAAACAGATGCCCCTCC,6,2
TCAGACCCAGCTGTCTCTTCCTCAG,3,3
CCACTCTCTCTTCTTCTGGCTCAAT,5,2
GGCCACTGGTTCACACTGCTCTGCT,5,3
AAGCCCAAAGGGGAAAGGCATCATA,2,2
TAAGTCCTCCAGTGAGGAATCATCT,4,3
TCCAGTTTCAGTCAGTTCAAAAAAC,2,5
GACAGCTTTGGGAGTAAGGTACTGC,4,2
GAATTTAAGCATATTAGTCAGCGGA,2,1
TGAAGGTGTTAAGGACAGCTTTGGG,4,2
TTCTTCAGATTGTACAATTTTTTCA,2,2
TCGAATTCAAATGAATGCCATATAA,6,6
TTTCCAGTTTCAGTCAGTTCAAAAA,2,4
ACGAAATAAAGGATAAGTCCTCCAG,3,5
CTATAGGATCATTTATTTCACTAAC,2,2
GTCCTGACGTGCAAATCGGTCGTCC,2,2
AACAATATTGAGCCAGAAGAAGAGA,2,3
TTTGTACATTTCCAGTTTCAGTCAG,2,4
CACGCTATTGTCCAGCTTAGACTTT,2,3
CAGTTTCAGTCAGTTCAAAAAACAT,2,5
GCCCACCCAGGAATCCATCAGCACC,2,6
GTTTATGAGGCGGAGCACAGTTTCA,2,3
TGTGGAAGGAAGGGTGCTACTTGCT,2,3
GTTTCAGAGTTAAGGAGGGGCATCT,2,2
ATAAAGGATAAGTCCTCCAGTGAGG,4,3
TGCACCCTGGAACAGCTTCAGAGAC,1,1
GTGGGACGGGATTGCAAGAGATGGT,4,3
TGGCATTAGGCTGGGGCCACTGGTT,3,3
TATGAGGCGGAGCACAGTTTCAGAG,2,3
TGAACAACCTGTGCCAGGAGCTGGA,2,2
TGTAATATAACTGAGAAGCATATAG,2,4
TAGGTAAGGGAAGTCGGCAAGCCGG,1,1
AAGGATGGTGGCTTTAGCTTTAAGG,1,2
AGTAGCACCCTTCCTTCCACAAGAT,2,6
CTATTGTCCAGCTTAGACTTTCCTG,2,4
ATTTATTTCACTAACAGCTGTTCTC,2,2
ACTGCAGAAGGTCTTGGACAGACAT,3,2
GTAGCTGGTGGGAGTGGACTGGGCA,2,3
TTGCCTGCTACTGCTAGCCCATACA,2,1
AACTGTGCTCCGCCTCATAAACTCT,4,2
GATCCAAAGGTGAAAAGATTTGTAC,3,3
AGCATATAGAGTCCATGGGTCGAAT,3,5
AAATTGTACAATCTGAAGAACAAAA,2,2
TGTTAATTCCTATAAGAATAATGGT,1,1
CCTAGAACTTCTTAACCCCACCGTC,2,2
TGCCATCTCTTGGGCCTGTCATTTC,2,2
TAAGATGCTTCTTGAAAAGACAACA,2,3
AGGAAGGGTGCTACTTGCTGCAGAA,2,3
AATTCAAGCAATTTTCCCAGGAGTC,2,5
AGGTCTCCAAGGTGAACAGCCTCTG,1,2
GGAAAGGCCTGGGGCTGTGACTGGA,3,2
TGGGGAGCAAGGAACAAGTAACCAT,2,2
CAGATGCCATTCCAGCTGCCCAGTC,2,3
AGCACCTCTGTGGAGGAAATCCTGA,2,8
CAGCCTATTGCTCAACCCCCTGTGG,3,3
TCCTGCCTGGGTCCAAAGATGAACT,2,2
AAACAATTAGCCTATTTATTCAACC,1,2
TCTTTTCAAGAAGCATCTTAGGGAA,4,3
CCCACCCAGGAATCCATCAGCACCT,2,6
TTCAACCAATGGCATTAGCAGTCCG,1,2
GGGAGTGGACTGGGCAGCTGGAATG,2,3
CTGGGTCTGAGAAGAAACCAGGTGA,4,3
AGGATAAGTCCTCCAGTGAGGAATC,4,3
GATTCCCTCAGTAACGGCGAGTGAA,2,2
GGAAATGTGGCGTACGGAAGACCCA,2,1
GGAAAAGAAACTAACCAGGATTCCC,2,1
TCTCTCTTCTTCTGGCTCAATATTG,4,3
GCCAGCATCTACCCAGGAAAGTCTA,3,2
CCTAAAATAACTGCTGCTACCTAGC,2,3
CTTTTAACCATGTGGAAGATGGATC,2,2
AGGGTGCTACTTGCTGCAGAAAGTA,2,3
TGTCTTTTCAAGAAGCATCTTAGGG,4,3
CGTACGGAAGACCCACTCCCCGGCG,2,1
CTCTGGTGGAGGTCCGTAGCGGTCC,2,3
TCTTTGCCTGCCTGGTGGTTGTTGC,4,4
ACTTCTCCAGAAAGCTTCCCTGGCT,1,1
TGGCATGTTGGAACAATGTAGGTAA,1,2
GAAGACTCAGCCCACAGATGCCATT,2,3
AAGAGAAGGCAGCCCGGGTTAAGGC,2,2
ATGCAGTTAATACGGCTCCACAGTC,3,3
CAGCTGTTCTCATCATGATCTTTAT,1,2
GATGGTGGCTTTAGCTTTAAGGAAG,1,2
GAGGTGGTTGCAGCTGAGGTGGTGG,2,2
ACCACACATTGGTTTTTTCAGTATC,2,4
CTTCATCCTCGCCTGCCTTGTGGCC,6,2
AAAAACATTGCAAATGAAGACATGC,2,2
CTCAGACCCAGCTGTCTCTTCCTCA,3,3
CTCTTCTATAGGATCATTTATTTCA,2,2
GGAAATACTATCAGTCTCAGAGGAT,2,2
TACTGCAGAAGGTCTTGGACAGACA,3,2
CTATTTATTCAACCAATGGCATTAG,1,2
CATTGGGAAAAGGAAGACTCCTGGG,2,2
GCTGCTGGTGAAGAGGTGTGCAACA,5,2
ATCAAGAGGCCCAGGATGGGCTCAG,2,2
GGATGGTGGCTTTAGCTTTAAGGAA,1,2
GATTCCTCACTGGAGGACTTATCCT,3,2
TTCCATATGCTCAGGCTCAAACCAT,2,2
GCACAAACAGATGCCCCTCCTTAAC,6,2
TCTGCAGCAAGTAGCACCCTTCCTT,3,6
AAGGTGTTAAGGACAGCTTTGGGAG,4,2
AGTGGACTGGGCAGCTGGAATGGCA,2,3
TCTTGTGGAAGGAAGGGTGCTACTT,2,3
GTACTGCAGAAGGTCTTGGACAGAC,3,2
CAAATGAATGCCATATAATACATAG,6,5
TTGCTGAAGCAGGGAAGGTTGCTGA,3,1
ATCCAAAGGTGAAAAGATTTGTACA,3,3
ATGTTAATTCCTATAAGAATAATGG,1,1
TTGCTCTTGCAAGAGAGACTACATT,5,2
AGAAAGTACAGAACTTTGGACTGAG,4,2
ATCCTGAAGAAGATTATTGATATGA,1,9
CCCCAGCCTAATGCCATCCATAACA,2,2
ACAGCTGTTCTCATCATGATCTTTA,1,2
ATCATTTTTGTAGCATGATCCAAAG,3,1
TGCTCTGCTGCTGCTGGTGAAGAGG,5,3
AACAATGTAGGTAAGGGAAGTCGGC,1,2
AGTCTCAGAGGATACAGTAAATGTA,2,2
GTTGCTGAAACAGGGAAGCTTGCTG,5,1
TGATCCAAAGGTGAAAAGATTTGTA,3,3
TCACACTGCTCTGCTGCTGCTGGTG,5,3
ATTATGTATATTGAGTATATACCTG,1,2
GGTGTGCAACATTGGGAAAAGGAAG,2,2
CGAATTCAAATGAATGCCATATAAT,6,5
AGTAACCATGAAGTTCTTCATCTTT,3,3
ATGGCATTAGGCTGGGGCCACTGGT,3,3
TGTCTCTTCTATAGGATCATTTATT,2,2
CACTAAAGGACTTGACAGCCATGAA,3,2
AAACATCCAGCCTATTGCTCAACCC,3,3
GCGTACGGAAGACCCACTCCCCGGC,2,1
TGCCTGCTACTGCTAGCCCATACAT,2,1
TTATCTCAGAAGTAGTACTGAAAAG,2,3
TTGGTTTTTTCAGTATCCTTGGAGA,2,3
AAAACATTGCAAATGAAGACATGCT,2,2
GACAGCTGGGTCTGAGAAGAAACCA,4,2
CTCAGGCTCAAACCATCTCTTGCAA,2,3
ACTGTCTCTTCTATAGGATCATTTA,2,2
ATTCCCTAAGATGCTTCTTGAAAAG,4,4
TCCGCAGCAGGTCTCCAAGGTGAAC,1,2
GATGGGGAAACCACGAAGAAACCAA,3,2
TAAGGACAGCTTTGGGAGTAAGGTA,4,2
TGGAGGACTTATCCTTTATTTCGTG,3,2
ATCCATAACACGCCCACCCAGGAAT,2,3
TTGCTCTGGCAAAGCACGAAATAAA,5,5
CAATGCAGTTAATACGGCTCCACAG,3,3
ATGCTTCTTGAAAAGACAACAATAT,2,3
GAAATATATCATTTTTGTAGCATGA,3,1
TCACTAACAGCTGTTCTCATCATGA,2,2
TGGTGGTTGTTGCTCTGGCAAAGCA,4,4
CTGAGGAAAAGCCTGAACAACCTGT,3,2
TTCTTGAAAAGACAACAATATTGAG,2,3
CGTCCCACAAAACATCCAGCCTATT,2,4
CCAGCTTAGACTTTCCTGGGTAGAT,2,3
TCCGTTTCTGTCTAAGAGGATTTCC,4,2
GGGACGGGATTGCAAGAGATGGTTT,4,3
GCAGAAAGTACAGAACTTTGGACTG,2,2
TGGGACGGGATTGCAAGAGATGGTT,4,3
CAGGGAAGAGCCCAGCGCCGAATCC,4,2
ATTCCTATAAGAATAATGGTAAAGT,1,1
TTGCAAGAGATGGTTTGAGCCTGAG,4,3
CCCGTCCCACAAAACATCCAGCCTA,2,4
AGGCGGAGCACAGTTTCAGAGTTAA,2,3
AAGCCAGAGAATCAAGAGGCCCAGG,2,2
AGATTCCTAAAATAACTGCTGCTAC,2,3
AATTCCTATAAGAATAATGGTAAAG,1,1
TTTGTGGGACGGGATTGCAAGAGAT,4,3
CTATCAGTCTCAGAGGATACAGTAA,2,2
GGTTCACACTGCTCTGCTGCTGCTG,5,3
TTGATATGTTCAACAGATTCCTCAC,1,3
CTGGCATGTTGGAACAATGTAGGTA,1,2
CATATCTTGTGGAAGGAAGGGTGCT,2,3
TGCTGCTGCTGGTGAAGAGGTGTGC,5,2
CTCAAACCATCTCTTGCAATCCCGT,2,4
GAGCACAGTTTCAGAGTTAAGGAGG,2,3
CTGGGCAGCTGGAATGGCATCTGTG,2,3
TGAAGAAGATTATTGATATGATCAA,1,10
CTCTTGCAATCCCGTCCCACAAAAC,2,4
GGAAAAGGAAGACTCCTGGGAAAAT,3,2
AAGATATGTCTGTCCAAGACCTTCT,3,4
ACTGAAAAGACTTCAATTAAACAAT,2,4
TCTCAGAGGATACAGTAAATGTAGT,2,2
GGAATCATCTGCCAGCATCTACCCA,4,2
AAACAGATGCCCCTCCTTAACTCTG,6,2
TGGATGTTTTGTGGGACGGGATTGC,4,2
TGTATATTGAGTATATACCTGTAAT,1,2
ATGCCTGCAAACCTCCTGTCTTTTA,2,2
GTCTGAGAAGAAACCAGGTGAGTCT,4,3
TGGAATGGCATCTGTGGGCTGAGTC,2,2
CTTGGACAGACATATCTTGTGGAAG,2,3
CCCAGGAATCCATCAGCACCTCTGT,2,6
AGTTTCAGTCAGTTCAAAAAACATA,2,5
CCTCTGTGGAGGAAATCCTGAAGAA,2,7
GAAGCAGGGAAGGTTGCTGAAACAG,3,1
GATGGCATTAGGCTGGGGCCACTGG,3,3
CAACTTCTCCAGAAAGCTTCCCTGG,1,1
GGAAAGGCATCATACTGGAAGATTT,2,2
TATCCTGTGGAAAGTAAGCCCAAAG,2,2
ACATGCTCAACCAGTGCACCCTGGA,2,2
AGGAAAAGCCTGAACAACCTGTGCC,3,2
GCTCAGGCTCAAACCATCTCTTGCA,2,3
ATATCATTTTTGTAGCATGATCCAA,3,1
AAGACTCAGCCCACAGATGCCATTC,2,3
TATCTCAGAAGTAGTACTGAAAAGA,2,3
AGGGAAGCTTGCTGAGCCATGGAAG,3,2
ATCTCAGAAGTAGTACTGAAAAGAC,2,3
TTTCCTCTGAGGTGGTTGCAGCTGA,2,2
GTGCCATCTCTTGGGCCTGTCATTT,2,2
TGGCAGATGATTCCTCACTGGAGGA,3,2
CTTCATCTTTGCCTGCCTGGTGGTT,4,4
GTTGTTGCTCTGGCAAAGCACGAAA,4,5
GAAAAGCCTGAACAACCTGTGCCAG,2,2
CCATCACCTCCTACTATTAACATTC,3,4
CCTAAGATGCTTCTTGAAAAGACAA,3,3
TGGCTCAATATTGTTGTCTTTTCAA,2,3
GCTTGCTGAGCCATGGAAGGTTGCT,3,2
TGGAAGGAAGGGTGCTACTTGCTGC,2,3
CTAACAGCTGTTCTCATCATGATCT,2,2
TCTGGCTCAATATTGTTGTCTTTTC,2,3
GTGGAGGAAATCCTGAAGAAGATTA,2,7
CTACCTAGCTATAGGCTTGAGTAGA,2,3
CCAGAGAATCAAGAGGCCCAGGATG,2,2
CAGATTTTCCTCTGAGGTGGTTGCA,2,2
TGAACTTTAGCCTGGAGCACATCCT,2,2
CAGAGTTAAGGAGGGGCATCTGTTT,1,2
GCAAGGAACAAGTAACCATGAAGTT,2,2
GCATCTTAGGGAATGTTAATAGTAG,3,3
GGGAAAGGCATCATACTGGAAGATT,2,2
ATTAATTCAGAAATATATCATTTTT,3,2
CCTCCACTAAAGGACTTGACAGCCA,2,2
TGGTTGCAGCTGAGGTGGTGGGTCT,2,2
ACAACCAAAGTATCTCAACCTAAAT,2,2
CTGGGGCTGTGACTGGATGCTGGAG,3,2
CGTTTCTGTCTAAGAGGATTTCCAG,4,2
TTATTTCGTGCTTTGCCAGAGCAAC,2,2
GTGCACCCTGGAACAGCTTCAGAGA,2,1
AAATGAAGACTCAGCCCACAGATGC,2,3
CCCCCCCCCCCCCCCCCCCCCCCCC,13,4
GTACAACCAACTTCTCCAGAAAGCT,1,1
AGTATCCTTGGAGACAATGGGCTTG,2,3
AGTGAGGAATCATCTGCCAGCATCT,4,3
TTGCCTGCCTGGTGGTTGTTGCTCT,4,4
CTCTTGCAAGAGAGACTACATTTAC,5,2
GTTTCCCCATCACCTCCTACTATTA,3,4
GAAGTAGTACTGAAAAGACTTCAAT,2,4
TAATATAACTGAGAAGCATATAGAG,2,4
TTCAGTCAGTTCAAAAAACATAAGG,2,5
TTTCAGTCAGTTCAAAAAACATAAG,2,5
AAACCACGAAGAAACCAATTTTCTA,2,2
CCATGGGTCGAATTCAAATGAATGC,6,5
GTGTAGCTGGTGGGAGTGGACTGGG,2,3
CCTTAACTCTGAAACTGTGCTCCGC,5,2
TCTTCATCCCCAGATACCTGTGAGC,2,2
TGGACTGAGGAAGAGACAGCTGGGT,4,2
ACAGCCATGAAGGTCTTCATCCTCG,4,2
AGCATGATCCAAAGGTGAAAAGATT,3,1
CCCACCGTCCAATTCCCTGCCACTC,4,2
GAGCCCAGCGCCGAATCCCCGCCGC,3,2
GGTGTTAAGGACAGCTTTGGGAGTA,4,2
TGGATGGCATTAGGCTGGGGCCACT,3,3
GAGACAGCTGGGTCTGAGAAGAAAC,4,1
TTCCTCAGTCCAAAGTTCTGTACTT,3,4
TAACTCTGAAACTGTGCTCCGCCTC,5,2
CTTGGGAAGGATGGTGGCTTTAGCT,1,2
GACAGCCATGAAGGTCTTCATCCTC,4,2
CCTCACTGGAGGACTTATCCTTTAT,3,2
TCTTAGGGAATGTTAATAGTAGGAG,2,3
TTCCCCATCACCTCCTACTATTAAC,3,4
CCCCACCGTCCAATTCCCTGCCACT,4,2
CAAAGGTGAAAAGATTTGTACATTT,3,4
CTGCAGCAAGTAGCACCCTTCCTTC,3,6
AAGAACACGCTATTGTCCAGCTTAG,1,2
GTAGCATGATCCAAAGGTGAAAAGA,3,1
CTGTCTCTTCTATAGGATCATTTAT,2,2
CTTTAGCCTGGAGCACATCCTCTGC,2,2
TGGACTGGGCAGCTGGAATGGCATC,2,3
CAATGTAGGTAAGGGAAGTCGGCAA,1,2
CATTTATTTCACTAACAGCTGTTCT,2,2
GTTGTCTTTTCAAGAAGCATCTTAG,4,3
TTTCCATATGCTCAGGCTCAAACCA,2,2
CCTCAGTAACGGCGAGTGAACAGGG,2,2
AACAGCTTCAGAGACAGTTTAAGTA,1,1
CTTCAGAGACAGTTTAAGTACAACC,1,1
CCTACTATTAACATTCCCTAAGATG,4,4
TGGTGGGAGTGGACTGGGCAGCTGG,2,3
TTATTTCACTAACAGCTGTTCTCAT,2,2
GAGACAGTTTAAGTACAACCAACTT,1,1
CAACAATATTGAGCCAGAAGAAGAG,2,3
ATGTAGGTAAGGGAAGTCGGCAAGC,1,1
TGTAATAATAATGTTAATTCCTATA,1,1
GGTTGCAGCTGAGGTGGTGGGTCTT,2,2
CTTATCCTTTATTTCGTGCTTTGCC,3,2
GTACTCCGCTCCTAAGTATTTTTCA,1,1
GTGTAATCCTTACTGGGGTACCAGT,2,2
GCAATTTTCCCAGGAGTCTTCCTTT,2,4
TAACCCCACCGTCCAATTCCCTGCC,4,2
AATGAATGCCATATAATACATAGAA,6,5
GAACACGCTATTGTCCAGCTTAGAC,2,2
TCGCCTGCCTTGTGGCCCTTGCTCT,6,3
CATCTCTTGCAATCCCGTCCCACAA,2,4
ATGCTGGCAGATGATTCCTCACTGG,3,2
TTCAGAAATATATCATTTTTGTAGC,3,1
GGGAAGCTTGCTGAAGCAGGGAAGG,3,2
TCAAGAAGCATCTTAGGGAATGTTA,3,3
GGTTTCCCCATCACCTCCTACTATT,3,4
CCAAAGTTGGAACACACAACTCAAT,5,2
TGCTCTCCTGCCTGGGTCCAAAGAT,2,2
TGTGGGACGGGATTGCAAGAGATGG,4,3
GCTTTTCCTCAGACTCACCTGGTTT,3,2
AGGTCTTGGACAGACATATCTTGTG,3,3
AGAACTTTGGACTGAGGAAGAGACA,4,2
CCAATGTTGCACACCTCTTCACCAG,2,3
CATGAAGGTCTTCATCCTCGCCTGC,4,2
TGTAGCATGATCCAAAGGTGAAAAG,3,1
GGGTCGAATTCAAATGAATGCCATA,6,5
GTAGGTAAGGGAAGTCGGCAAGCCG,1,1
GTGAACTTTAGCCTGGAGCACATCC,2,1
AGACATGCTCAACCAGTGCACCCTG,2,2
ATGGCATCTGTGGGCTGAGTCTTCA,2,2
CCAAAGGTGAAAAGATTTGTACATT,3,4
AATGCTCACTATACGAGATTCTACT,4,2
GTTCTGTACTTTCTGCAGCAAGTAG,3,6
CTGGTGAAGAGGTGTGCAACATTGG,5,2
TTGTACAATCTGAAGAACAAAAGGT,2,2
AGTCCATGGGTCGAATTCAAATGAA,4,5
GGCCTGGGGCTGTGACTGGATGCTG,3,2
GTGGTTGCAGCTGAGGTGGTGGGTC,2,2
AAAGGTGAAAAGATTTGTACATTTC,3,4
TTCACACTGCTCTGCTGCTGCTGGT,5,3
GAAGACATGCTCAACCAGTGCACCC,2,2
ATTTGTACATTTCCAGTTTCAGTCA,2,4
TTCCTTTTCCCAATGTTGCACACCT,3,3
ACTTCAAATGAAGACTCAGCCCACA,2,2
TTCTTCATCTTTGCCTGCCTGGTGG,4,4
CTGAACAACCTGTGCCAGGAGCTGG,2,2
TCTTCTCAGACCCAGCTGTCTCTTC,4,3
CTGGGTCCAAAGATGAACTTCAAAT,2,2
CAGAGACAGTTTAAGTACAACCAAC,1,1
GAATCATCTGCCAGCATCTACCCAG,4,2
GTCTTCATCCTCGCCTGCCTTGTGG,6,2
TTTCCCCATCACCTCCTACTATTAA,3,4
AATATATCATTTTTGTAGCATGATC,3,1
TAGAACTTCTTAACCCCACCGTCCA,2,2
AGTACAGAACTTTGGACTGAGGAAG,4,2
CTGTCTCTTCCTCAGTCCAAAGTTC,3,5
TGGGAAGGATGGTGGCTTTAGCTTT,1,2
AAGCACGAAATAAAGGATAAGTCCT,3,5
ATGGGGAAACCACGAAGAAACCAAT,2,2
ATATCCTGTGGAAAGTAAGCCCAAA,2,2
ACCATGAAGTTCTTCATCTTTGCCT,3,3
GAGGACTTATCCTTTATTTCGTGCT,3,2
CAGCAAGTAGCACCCTTCCTTCCAC,3,6
CTGGCAGATGATTCCTCACTGGAGG,3,2
ATAAGTCCTCCAGTGAGGAATCATC,4,3
CACTCTCTCTTCTTCTGGCTCAATA,5,2
AAAGGCATCATACTGGAAGATTTGT,2,2
TGGTGAAGAGGTGTGCAACATTGGG,5,2
GGGAAGGATGGTGGCTTTAGCTTTA,1,2
AATGGTAAAGTTTGATCAAGAAAAT,1,1
TATTGAGTATATACCTGTAATAATA,1,2
CTTGTGGCCCTTGCTCTTGCAAGAG,6,2
GCTCTCCTGCCTGGGTCCAAAGATG,2,2
CAGCTTAGACTTTCCTGGGTAGATG,2,3
ACCCCCTGTGGTGCCATCTCTTGGG,4,3
TGCAGCTGAGGTGGTGGGTCTTGTG,3,2
GCTCTTCATCCCCAGATACCTGTGA,2,3
TGCAACATTGGGAAAAGGAAGACTC,2,2
TATCCTTTATTTCGTGCTTTGCCAG,3,2
GGCATGTTGGAACAATGTAGGTAAG,1,2
TTTGGAAGAACACGCTATTGTCCAG,1,2
TGGTAAAGTTTGATCAAGAAAATAA,1,1
GCTGCTACCTAGCTATAGGCTTGAG,2,3
TGGGGAAACCACGAAGAAACCAATT,2,2
GCCCAAAGGGGAAAGGCATCATACT,2,2
TCCTCAGTCCAAAGTTCTGTACTTT,3,4
GTAGGAGGTGATGGGGAAACCACGA,2,4
GTGGAAAGTAAGCCCAAAGGGGAAA,2,2
CTCAGTAACGGCGAGTGAACAGGGA,2,2
TAGCTGGTGGGAGTGGACTGGGCAG,2,3
ATGAAGTTCTTCATCTTTGCCTGCC,3,3
TTCAGTATCCTTGGAGACAATGGGC,2,3
TTTGAGAGTTTATGAGGCGGAGCAC,2,3
CGCCTGCCTTGTGGCCCTTGCTCTT,6,3
CTATAAGAATAATGGTAAAGTTTGA,1,1
CCTAGCTATAGGCTTGAGTAGAAAA,2,3
AGCGGTCCTGACGTGCAAATCGGTC,2,2
CCTCCTTAACTCTGAAACTGTGCTC,5,2
CAAGCACAAACAGATGCCCCTCCTT,6,2
CAGCTTTGGGAGTAAGGTACTGCAT,4,2
TGAAGTTTCTCATTGATATGTTCAA,1,2
GATGCTTCTTGAAAAGACAACAATA,2,3
GAAGGAAGGGTGCTACTTGCTGCAG,2,3
TAAAGTTTGATCAAGAAAATAATGA,1,1
CAACATTGGGAAAAGGAAGACTCCT,2,2
TCCCTAAGATGCTTCTTGAAAAGAC,3,4
TTTAAGCATATTAGTCAGCGGAGGA,2,1
ATAGTAGGAGGTGATGGGGAAACCA,2,4
TAATGCCATCCATAACACGCCCACC,3,3
GAAGGATGGTGGCTTTAGCTTTAAG,1,2
AACCAGTGCACCCTGGAACAGCTTC,2,1
AGGAAGAGACAGCTGGGTCTGAGAA,4,1
AATGTGGCGTACGGAAGACCCACTC,2,1
AGCCTATTGCTCAACCCCCTGTGGT,3,3
GTATATACCTGTAATAATAATGTTA,1,1
AGTACAACCAACTTCTCCAGAAAGC,1,1
GGAAATCCTGAAGAAGATTATTGAT,2,8
CTAGCTATAGGCTTGAGTAGAAAAT,2,3
CTTTTCCCAATGTTGCACACCTCTT,2,3
GGAAGAACACGCTATTGTCCAGCTT,1,2
AAGGCATCATACTGGAAGATTTGTG,2,2
CTTTATTTCGTGCTTTGCCAGAGCA,2,2
GGGTTAAGAAGTTCTAGGTACTGCA,4,2
TGCAGCAAGTAGCACCCTTCCTTCC,3,5
CAAGATATGTCTGTCCAAGACCTTC,3,4
GAAGAGGTGTGCAACATTGGGAAAA,3,2
AGTCCTCCAGTGAGGAATCATCTGC,3,2
TTAGTCAGCGGAGGAAAAGAAACTA,2,1
GTTAAGGACAGCTTTGGGAGTAAGG,4,2
CTTTTTCCTACAGTCACATAAGTCA,1,1
GTCATCTCAGCTGGAAGAGACCACA,2,2
ATCTTTATAATTTGAGAGGCCTTTG,1,2
ACATTGGTTTTTTCAGTATCCTTGG,2,3
TTCCAGTTTCAGTCAGTTCAAAAAA,2,5
AAGGGTGCTACTTGCTGCAGAAAGT,2,3
GTCTCTTCCTCAGTCCAAAGTTCTG,3,4
AGAAACCAGGTGAGTCTGAGGAAAA,3,3
CAAACCTCCTGTCTTTTAACCATGT,2,2
ATCCTTCCCAAGCACAAACAGATGC,5,2
TTAATACGGCTCCACAGTCCAAAGT,3,3
AAGTAACCATGAAGTTCTTCATCTT,3,3
TCTTTATAATTTGAGAGGCCTTTGC,1,2
CATGGGTCGAATTCAAATGAATGCC,6,5
CAAGAAGCATCTTAGGGAATGTTAA,3,3
GGTTTGAGCCTGAGCATATGGAAAG,3,3
CCACCATCCTTCCCAAGCACAAACA,5,2
GGTTGTTGCTCTGGCAAAGCACGAA,4,4
TCTGTCCAAGACCTTCTGCAGTACC,3,4
AAACAACCAAAGTATCTCAACCTAA,2,2
GAAACCACGAAGAAACCAATTTTCT,2,2
CTTCAATTAAACAATGCAGTTAATA,2,4
AGTAGTACTGAAAAGACTTCAATTA,2,4
TCCTCCAGTGAGGAATCATCTGCCA,3,2
GCTGGTGAAGAGGTGTGCAACATTG,5,2
CTGCTACCTAGCTATAGGCTTGAGT,2,4
AGGAGCGGGTCATCTCAGCTGGAAG,2,2
AGCACAGTTTCAGAGTTAAGGAGGG,2,3
GTGGAAGGAAGGGTGCTACTTGCTG,2,3
ACACTGCTCTGCTGCTGCTGGTGAA,5,3
GAGTCTTCCTTTTCCCAATGTTGCA,2,4
GTTTGAGCCTGAGCATATGGAAAGG,4,3
ACTTTCCTGGGTAGATGCTGGCAGA,3,3
TCTCAGACCCAGCTGTCTCTTCCTC,4,3
CTATAGGCTTGAGTAGAAAATTGGT,2,3
TCTTCCTTTTCCCAATGTTGCACAC,2,3
